species,date,year,km1grid,km2grid,km5grid,km10grid,tp5,tp10
Vespula germanica,1940-09-10,1940,SD4077,SD47D,SD47NW,SD47,1940-1944,1940-1949
Vespula vulgaris,1940-06-01,1940,SD4077,SD47D,SD47NW,SD47,1940-1944,1940-1949
Vespula germanica,1936-11-19,1936,SD4077,SD47D,SD47NW,SD47,1935-1939,1930-1939
Vespula vulgaris,1921-10-08,1921,SD4077,SD47D,SD47NW,SD47,1920-1924,1920-1929
Vespula germanica,1922-08-20,1922,SD4077,SD47D,SD47NW,SD47,1920-1924,1920-1929
Vespula vulgaris,1936-03-19,1936,SD4077,SD47D,SD47NW,SD47,1935-1939,1930-1939
Vespula vulgaris,1944-07-23,1944,SD4077,SD47D,SD47NW,SD47,1940-1944,1940-1949
Vespula germanica,1924-09-20,1924,SD4077,SD47D,SD47NW,SD47,1920-1924,1920-1929
Vespula vulgaris,1926-08-07,1926,SD4077,SD47D,SD47NW,SD47,1925-1929,1920-1929
Vespula vulgaris,1924-10-12,1924,SD4077,SD47D,SD47NW,SD47,1920-1924,1920-1929
Vespula vulgaris,1920-06-09,1920,SD4077,SD47D,SD47NW,SD47,1920-1924,1920-1929
Vespula vulgaris,1934-08-30,1934,SD4077,SD47D,SD47NW,SD47,1930-1934,1930-1939
Vespula germanica,1945-04-06,1945,SD4077,SD47D,SD47NW,SD47,1945-1949,1940-1949
Vespula vulgaris,1921-10-28,1921,SD4077,SD47D,SD47NW,SD47,1920-1924,1920-1929
Vespula germanica,1926-04-03,1926,SD4077,SD47D,SD47NW,SD47,1925-1929,1920-1929
Vespula vulgaris,1940-08-04,1940,SD4077,SD47D,SD47NW,SD47,1940-1944,1940-1949
Vespula vulgaris,1921-10-29,1921,SD4077,SD47D,SD47NW,SD47,1920-1924,1920-1929
Vespula germanica,1940-05-18,1940,SD4077,SD47D,SD47NW,SD47,1940-1944,1940-1949
Vespula vulgaris,1922-09-29,1922,SD4077,SD47D,SD47NW,SD47,1920-1924,1920-1929
Vespula germanica,1940-05-02,1940,SD4077,SD47D,SD47NW,SD47,1940-1944,1940-1949
Vespula vulgaris,1921-07-24,1921,SD4077,SD47D,SD47NW,SD47,1920-1924,1920-1929
Vespula vulgaris,1942-06-23,1942,SD4077,SD47D,SD47NW,SD47,1940-1944,1940-1949
Vespula vulgaris,1921-07-24,1921,SD4077,SD47D,SD47NW,SD47,1920-1924,1920-1929
Vespula germanica,1940-09-19,1940,SD4077,SD47D,SD47NW,SD47,1940-1944,1940-1949
Vespula germanica,1943-09-12,1943,SD4077,SD47D,SD47NW,SD47,1940-1944,1940-1949
Vespula vulgaris,1913-08-29,1913,SD4077,SD47D,SD47NW,SD47,1910-1914,1910-1919
Vespula vulgaris,1921-10-28,1921,SD4077,SD47D,SD47NW,SD47,1920-1924,1920-1929
Vespula vulgaris,1942-04-08,1942,SD4077,SD47D,SD47NW,SD47,1940-1944,1940-1949
Vespula vulgaris,1921-10-29,1921,SD4077,SD47D,SD47NW,SD47,1920-1924,1920-1929
Vespula germanica,1905-04-23,1905,SD4077,SD47D,SD47NW,SD47,1905-1909,1900-1909
Vespula germanica,1940-05-02,1940,SD4077,SD47D,SD47NW,SD47,1940-1944,1940-1949
Vespula vulgaris,1920-09-05,1920,SD4077,SD47D,SD47NW,SD47,1920-1924,1920-1929
Vespula germanica,1940-04-30,1940,SD4077,SD47D,SD47NW,SD47,1940-1944,1940-1949
Vespula vulgaris,1949-07-24,1949,SD4077,SD47D,SD47NW,SD47,1945-1949,1940-1949
Vespula germanica,1905-04-16,1905,SD4077,SD47D,SD47NW,SD47,1905-1909,1900-1909
Vespula vulgaris,1940-07-04,1940,SD4077,SD47D,SD47NW,SD47,1940-1944,1940-1949
Vespula germanica,1942-04-22,1942,SD4077,SD47D,SD47NW,SD47,1940-1944,1940-1949
Vespula vulgaris,1941-07-30,1941,SD4077,SD47D,SD47NW,SD47,1940-1944,1940-1949
Vespula germanica,1940-08-11,1940,SD4077,SD47D,SD47NW,SD47,1940-1944,1940-1949
Vespula vulgaris,1922-08-20,1922,SD4077,SD47D,SD47NW,SD47,1920-1924,1920-1929
Vespula vulgaris,1942-08-14,1942,SD4077,SD47D,SD47NW,SD47,1940-1944,1940-1949
Vespula vulgaris,1942-06-06,1942,SD4077,SD47D,SD47NW,SD47,1940-1944,1940-1949
Vespula vulgaris,1921-10-09,1921,SD4077,SD47D,SD47NW,SD47,1920-1924,1920-1929
Vespula vulgaris,1921-10-29,1921,SD4077,SD47D,SD47NW,SD47,1920-1924,1920-1929
Vespula vulgaris,1924-10-05,1924,SD4077,SD47D,SD47NW,SD47,1920-1924,1920-1929
Vespula germanica,1940-08-24,1940,SD4077,SD47D,SD47NW,SD47,1940-1944,1940-1949
Vespula vulgaris,1942-08-14,1942,SD4077,SD47D,SD47NW,SD47,1940-1944,1940-1949
Vespula germanica,1940-05-03,1940,SD4077,SD47D,SD47NW,SD47,1940-1944,1940-1949
Vespula vulgaris,1921-07-31,1921,SD4077,SD47D,SD47NW,SD47,1920-1924,1920-1929
Vespula vulgaris,1944-07-23,1944,SD4077,SD47D,SD47NW,SD47,1940-1944,1940-1949
Vespula germanica,1942-04-11,1942,SD4077,SD47D,SD47NW,SD47,1940-1944,1940-1949
Vespula germanica,1940-09-20,1940,SD4077,SD47D,SD47NW,SD47,1940-1944,1940-1949
Vespula vulgaris,1921-10-28,1921,SD4077,SD47D,SD47NW,SD47,1920-1924,1920-1929
Vespula germanica,1940-05-13,1940,SD4077,SD47D,SD47NW,SD47,1940-1944,1940-1949
Vespula vulgaris,1922-08-13,1922,SD4077,SD47D,SD47NW,SD47,1920-1924,1920-1929
Vespula germanica,1943-05-04,1943,SD4077,SD47D,SD47NW,SD47,1940-1944,1940-1949
Vespula vulgaris,1909-04-17,1909,SD4077,SD47D,SD47NW,SD47,1905-1909,1900-1909
Vespula vulgaris,1913-08-30,1913,SD4077,SD47D,SD47NW,SD47,1910-1914,1910-1919
Vespula vulgaris,1923-09-06,1923,SD4077,SD47D,SD47NW,SD47,1920-1924,1920-1929
Vespula vulgaris,1944-07-26,1944,SD4077,SD47D,SD47NW,SD47,1940-1944,1940-1949
Vespula vulgaris,1920-08-29,1920,SD4077,SD47D,SD47NW,SD47,1920-1924,1920-1929
Vespula vulgaris,1944-07-25,1944,SD4077,SD47D,SD47NW,SD47,1940-1944,1940-1949
Vespula vulgaris,1939-08-28,1939,SD4077,SD47D,SD47NW,SD47,1935-1939,1930-1939
Vespula vulgaris,1924-09-13,1924,SE3337,SE33I,SE33NW,SE33,1920-1924,1920-1929
Vespula germanica,1919-07-01,1919,SE3337,SE33I,SE33NW,SE33,1915-1919,1910-1919
Vespula germanica,1919-08-08,1919,SE3337,SE33I,SE33NW,SE33,1915-1919,1910-1919
Vespula germanica,1919-08-01,1919,SE3337,SE33I,SE33NW,SE33,1915-1919,1910-1919
Vespula germanica,1920-06-15,1920,SE3337,SE33I,SE33NW,SE33,1920-1924,1920-1929
Vespula vulgaris,1924-09-21,1924,SE3337,SE33I,SE33NW,SE33,1920-1924,1920-1929
Vespula germanica,1920-06-15,1920,SE3337,SE33I,SE33NW,SE33,1920-1924,1920-1929
Vespula vulgaris,1922-05-31,1922,SE3337,SE33I,SE33NW,SE33,1920-1924,1920-1929
Vespula germanica,1919-08-01,1919,SE3337,SE33I,SE33NW,SE33,1915-1919,1910-1919
Vespula vulgaris,1921-03-25,1921,SE3337,SE33I,SE33NW,SE33,1920-1924,1920-1929
Vespula germanica,1939-10-24,1939,SK6142,SK64B,SK64SW,SK64,1935-1939,1930-1939
Vespula vulgaris,1939-10-04,1939,SK6142,SK64B,SK64SW,SK64,1935-1939,1930-1939
Vespula germanica,1939-10-24,1939,SK6142,SK64B,SK64SW,SK64,1935-1939,1930-1939
Vespula germanica,1905-04-15,1905,SK6142,SK64B,SK64SW,SK64,1905-1909,1900-1909
Vespula germanica,1905-04-15,1905,SK6142,SK64B,SK64SW,SK64,1905-1909,1900-1909
Vespula germanica,1934-10-08,1934,SK6142,SK64B,SK64SW,SK64,1930-1934,1930-1939
Vespula vulgaris,1940-12-01,1940,SK6142,SK64B,SK64SW,SK64,1940-1944,1940-1949
Vespula vulgaris,1939-10-04,1939,SK6142,SK64B,SK64SW,SK64,1935-1939,1930-1939
Vespula germanica,1940-09-01,1940,SK6142,SK64B,SK64SW,SK64,1940-1944,1940-1949
Vespula vulgaris,1938-07-19,1938,SK6142,SK64B,SK64SW,SK64,1935-1939,1930-1939
Vespula germanica,1939-08-08,1939,SK6142,SK64B,SK64SW,SK64,1935-1939,1930-1939
Vespula germanica,1939-10-24,1939,SK6142,SK64B,SK64SW,SK64,1935-1939,1930-1939
Vespula vulgaris,1939-08-08,1939,SK6142,SK64B,SK64SW,SK64,1935-1939,1930-1939
Vespula germanica,1939-10-24,1939,SK6142,SK64B,SK64SW,SK64,1935-1939,1930-1939
Vespula germanica,1936-09-01,1936,SK6142,SK64B,SK64SW,SK64,1935-1939,1930-1939
Vespula vulgaris,1938-07-19,1938,SK6142,SK64B,SK64SW,SK64,1935-1939,1930-1939
Vespula vulgaris,1938-08-14,1938,SK6142,SK64B,SK64SW,SK64,1935-1939,1930-1939
Vespula germanica,1905-04-21,1905,SK6142,SK64B,SK64SW,SK64,1905-1909,1900-1909
Vespa crabro,1948-07-28,1948,SO7476,SO77N,SO77NW,SO77,1945-1949,1940-1949
Vespula germanica,1954-06-27,1954,SO7476,SO77N,SO77NW,SO77,1950-1954,1950-1959
Vespula vulgaris,1938-08-08,1938,SO8304,SO80H,SO80SW,SO80,1935-1939,1930-1939
Vespula germanica,1943-09-21,1943,SO8304,SO80H,SO80SW,SO80,1940-1944,1940-1949
Vespula vulgaris,1935-10-06,1935,SO8505,SO80M,SO80NE,SO80,1935-1939,1930-1939
Vespula germanica,1940-08-09,1940,SO8304,SO80H,SO80SW,SO80,1940-1944,1940-1949
Vespula vulgaris,1943-10-27,1943,SO8304,SO80H,SO80SW,SO80,1940-1944,1940-1949
Vespula vulgaris,1939-07-20,1939,SO8304,SO80H,SO80SW,SO80,1935-1939,1930-1939
Vespula vulgaris,1941-09-06,1941,SO8304,SO80H,SO80SW,SO80,1940-1944,1940-1949
Vespula vulgaris,1941-10-22,1941,SO8304,SO80H,SO80SW,SO80,1940-1944,1940-1949
Vespula germanica,1940-08-09,1940,SO8304,SO80H,SO80SW,SO80,1940-1944,1940-1949
Vespula germanica,1940-08-22,1940,SO8304,SO80H,SO80SW,SO80,1940-1944,1940-1949
Vespula vulgaris,1938-08-08,1938,SO8304,SO80H,SO80SW,SO80,1935-1939,1930-1939
Vespula vulgaris,1943-05-15,1943,SO8304,SO80H,SO80SW,SO80,1940-1944,1940-1949
Vespula germanica,1940-08-09,1940,SO8304,SO80H,SO80SW,SO80,1940-1944,1940-1949
Vespula vulgaris,1942-08-06,1942,SO8304,SO80H,SO80SW,SO80,1940-1944,1940-1949
Vespula vulgaris,1939-07-20,1939,SO8304,SO80H,SO80SW,SO80,1935-1939,1930-1939
Vespula vulgaris,1941-10-20,1941,SO8304,SO80H,SO80SW,SO80,1940-1944,1940-1949
Vespula vulgaris,1933-11-29,1933,SO8505,SO80M,SO80NE,SO80,1930-1934,1930-1939
Vespula vulgaris,1940-06-06,1940,SO8304,SO80H,SO80SW,SO80,1940-1944,1940-1949
Vespula vulgaris,1935-08-09,1935,SO8505,SO80M,SO80NE,SO80,1935-1939,1930-1939
Vespula vulgaris,1935-09-26,1935,SO8505,SO80M,SO80NE,SO80,1935-1939,1930-1939
Vespula germanica,1939-09-13,1939,SO8304,SO80H,SO80SW,SO80,1935-1939,1930-1939
Vespula vulgaris,1939-08-19,1939,SO8304,SO80H,SO80SW,SO80,1935-1939,1930-1939
Vespula vulgaris,1938-08-08,1938,SO8304,SO80H,SO80SW,SO80,1935-1939,1930-1939
Vespula germanica,1940-08-09,1940,SO8304,SO80H,SO80SW,SO80,1940-1944,1940-1949
Vespula vulgaris,1944-06-19,1944,SO8304,SO80H,SO80SW,SO80,1940-1944,1940-1949
Vespula germanica,1933-10-29,1933,SO8304,SO80H,SO80SW,SO80,1930-1934,1930-1939
Vespula vulgaris,1938-08-12,1938,SO8505,SO80M,SO80NE,SO80,1935-1939,1930-1939
Vespula germanica,1939-09-13,1939,SO8304,SO80H,SO80SW,SO80,1935-1939,1930-1939
Vespula vulgaris,1942-07-19,1942,SO8304,SO80H,SO80SW,SO80,1940-1944,1940-1949
Vespula vulgaris,1942-07-30,1942,SO8304,SO80H,SO80SW,SO80,1940-1944,1940-1949
Vespula germanica,1940-08-26,1940,SO8304,SO80H,SO80SW,SO80,1940-1944,1940-1949
Vespula germanica,1938-08-08,1938,SO8304,SO80H,SO80SW,SO80,1935-1939,1930-1939
Vespula germanica,1940-09-26,1940,SO8304,SO80H,SO80SW,SO80,1940-1944,1940-1949
Vespula vulgaris,1938-08-08,1938,SO8304,SO80H,SO80SW,SO80,1935-1939,1930-1939
Vespula vulgaris,1935-09-26,1935,SO8505,SO80M,SO80NE,SO80,1935-1939,1930-1939
Vespula germanica,1940-08-20,1940,SO8304,SO80H,SO80SW,SO80,1940-1944,1940-1949
Vespula vulgaris,1941-06-11,1941,SO8304,SO80H,SO80SW,SO80,1940-1944,1940-1949
Vespula vulgaris,1940-10-15,1940,SO8304,SO80H,SO80SW,SO80,1940-1944,1940-1949
Vespula vulgaris,1941-06-27,1941,SO8304,SO80H,SO80SW,SO80,1940-1944,1940-1949
Vespula vulgaris,1942-04-18,1942,SO8304,SO80H,SO80SW,SO80,1940-1944,1940-1949
Vespula germanica,1933-10-29,1933,SO8304,SO80H,SO80SW,SO80,1930-1934,1930-1939
Vespula vulgaris,1934-07-22,1934,SO8505,SO80M,SO80NE,SO80,1930-1934,1930-1939
Vespula vulgaris,1942-04-26,1942,SO8304,SO80H,SO80SW,SO80,1940-1944,1940-1949
Vespula germanica,1943-07-03,1943,SO8304,SO80H,SO80SW,SO80,1940-1944,1940-1949
Vespula vulgaris,1938-08-08,1938,SO8304,SO80H,SO80SW,SO80,1935-1939,1930-1939
Vespula vulgaris,1940-07-06,1940,SO8304,SO80H,SO80SW,SO80,1940-1944,1940-1949
Vespula vulgaris,1940-08-21,1940,SO8304,SO80H,SO80SW,SO80,1940-1944,1940-1949
Vespula germanica,1940-08-09,1940,SO8304,SO80H,SO80SW,SO80,1940-1944,1940-1949
Vespula germanica,1942-10-02,1942,SO8304,SO80H,SO80SW,SO80,1940-1944,1940-1949
Vespula vulgaris,1935-09-16,1935,SO8505,SO80M,SO80NE,SO80,1935-1939,1930-1939
Vespula vulgaris,1933-05-15,1933,SO8505,SO80M,SO80NE,SO80,1930-1934,1930-1939
Vespula germanica,1942-05-07,1942,SO8304,SO80H,SO80SW,SO80,1940-1944,1940-1949
Vespula germanica,1942-09-19,1942,SO8304,SO80H,SO80SW,SO80,1940-1944,1940-1949
Vespula vulgaris,1945-04-12,1945,SO8304,SO80H,SO80SW,SO80,1945-1949,1940-1949
Vespula vulgaris,1945-04-15,1945,SO8304,SO80H,SO80SW,SO80,1945-1949,1940-1949
Vespula vulgaris,1942-04-12,1942,SO8304,SO80H,SO80SW,SO80,1940-1944,1940-1949
Vespula germanica,1942-09-28,1942,SO8304,SO80H,SO80SW,SO80,1940-1944,1940-1949
Vespula germanica,1942-08-03,1942,SO8304,SO80H,SO80SW,SO80,1940-1944,1940-1949
Vespula vulgaris,1938-08-08,1938,SO8304,SO80H,SO80SW,SO80,1935-1939,1930-1939
Vespula vulgaris,1938-08-08,1938,SO8304,SO80H,SO80SW,SO80,1935-1939,1930-1939
Vespula vulgaris,1935-08-08,1935,SO8505,SO80M,SO80NE,SO80,1935-1939,1930-1939
Vespula germanica,1944-09-11,1944,SO8304,SO80H,SO80SW,SO80,1940-1944,1940-1949
Vespula vulgaris,1938-08-08,1938,SO8304,SO80H,SO80SW,SO80,1935-1939,1930-1939
Vespula germanica,1940-08-09,1940,SO8304,SO80H,SO80SW,SO80,1940-1944,1940-1949
Vespula vulgaris,1935-09-26,1935,SO8505,SO80M,SO80NE,SO80,1935-1939,1930-1939
Vespula vulgaris,1943-08-06,1943,SO8304,SO80H,SO80SW,SO80,1940-1944,1940-1949
Vespula vulgaris,1944-07-02,1944,SO8304,SO80H,SO80SW,SO80,1940-1944,1940-1949
Vespula vulgaris,1943-10-30,1943,SO8304,SO80H,SO80SW,SO80,1940-1944,1940-1949
Vespula vulgaris,1943-10-27,1943,SO8304,SO80H,SO80SW,SO80,1940-1944,1940-1949
Vespula vulgaris,1938-08-08,1938,SO8304,SO80H,SO80SW,SO80,1935-1939,1930-1939
Vespula vulgaris,1943-10-27,1943,SO8304,SO80H,SO80SW,SO80,1940-1944,1940-1949
Vespula vulgaris,1940-06-30,1940,SO8304,SO80H,SO80SW,SO80,1940-1944,1940-1949
Vespula germanica,1940-09-23,1940,SO8304,SO80H,SO80SW,SO80,1940-1944,1940-1949
Vespula vulgaris,1935-08-09,1935,SO8505,SO80M,SO80NE,SO80,1935-1939,1930-1939
Vespula germanica,1942-10-02,1942,SO8304,SO80H,SO80SW,SO80,1940-1944,1940-1949
Vespula germanica,1940-08-28,1940,SO8304,SO80H,SO80SW,SO80,1940-1944,1940-1949
Vespula germanica,1943-07-16,1943,SO8304,SO80H,SO80SW,SO80,1940-1944,1940-1949
Vespula vulgaris,1940-06-22,1940,SO8304,SO80H,SO80SW,SO80,1940-1944,1940-1949
Vespula vulgaris,1940-07-06,1940,SO8304,SO80H,SO80SW,SO80,1940-1944,1940-1949
Vespula vulgaris,1940-10-15,1940,SO8304,SO80H,SO80SW,SO80,1940-1944,1940-1949
Vespula germanica,1939-09-13,1939,SO8304,SO80H,SO80SW,SO80,1935-1939,1930-1939
Vespula vulgaris,1942-05-03,1942,SO8304,SO80H,SO80SW,SO80,1940-1944,1940-1949
Vespula germanica,1940-09-27,1940,SO8304,SO80H,SO80SW,SO80,1940-1944,1940-1949
Vespula germanica,1940-09-05,1940,SO8304,SO80H,SO80SW,SO80,1940-1944,1940-1949
Vespula germanica,1940-08-09,1940,SO8304,SO80H,SO80SW,SO80,1940-1944,1940-1949
Vespula vulgaris,1936-11-12,1936,SO8505,SO80M,SO80NE,SO80,1935-1939,1930-1939
Vespula germanica,1940-09-07,1940,SO8304,SO80H,SO80SW,SO80,1940-1944,1940-1949
Vespula vulgaris,1938-08-08,1938,SO8304,SO80H,SO80SW,SO80,1935-1939,1930-1939
Vespula vulgaris,1936-10-30,1936,SO8505,SO80M,SO80NE,SO80,1935-1939,1930-1939
Vespula vulgaris,1938-08-08,1938,SO8304,SO80H,SO80SW,SO80,1935-1939,1930-1939
Vespula vulgaris,1940-07-06,1940,SO8304,SO80H,SO80SW,SO80,1940-1944,1940-1949
Vespula germanica,1941-05-04,1941,SO8304,SO80H,SO80SW,SO80,1940-1944,1940-1949
Vespula germanica,1941-09-02,1941,SO8304,SO80H,SO80SW,SO80,1940-1944,1940-1949
Vespula vulgaris,1940-06-22,1940,SO8304,SO80H,SO80SW,SO80,1940-1944,1940-1949
Vespula vulgaris,1938-08-08,1938,SO8304,SO80H,SO80SW,SO80,1935-1939,1930-1939
Vespula vulgaris,1940-10-19,1940,SO8304,SO80H,SO80SW,SO80,1940-1944,1940-1949
Vespula vulgaris,1940-10-15,1940,SO8304,SO80H,SO80SW,SO80,1940-1944,1940-1949
Vespula vulgaris,1936-11-05,1936,SO8505,SO80M,SO80NE,SO80,1935-1939,1930-1939
Vespula vulgaris,1938-08-08,1938,SO8304,SO80H,SO80SW,SO80,1935-1939,1930-1939
Vespula vulgaris,1938-08-08,1938,SO8304,SO80H,SO80SW,SO80,1935-1939,1930-1939
Vespula germanica,1935-06-03,1935,SO8505,SO80M,SO80NE,SO80,1935-1939,1930-1939
Vespula vulgaris,1938-08-08,1938,SO8304,SO80H,SO80SW,SO80,1935-1939,1930-1939
Vespula germanica,1940-08-09,1940,SO8304,SO80H,SO80SW,SO80,1940-1944,1940-1949
Vespula vulgaris,1939-08-19,1939,SO8304,SO80H,SO80SW,SO80,1935-1939,1930-1939
Vespula vulgaris,1939-06-26,1939,SO8304,SO80H,SO80SW,SO80,1935-1939,1930-1939
Vespula vulgaris,1941-08-06,1941,SO8304,SO80H,SO80SW,SO80,1940-1944,1940-1949
Vespula vulgaris,1940-06-22,1940,SO8304,SO80H,SO80SW,SO80,1940-1944,1940-1949
Vespula germanica,1936-03-31,1936,SO8505,SO80M,SO80NE,SO80,1935-1939,1930-1939
Vespula vulgaris,1941-10-21,1941,SO8304,SO80H,SO80SW,SO80,1940-1944,1940-1949
Vespula vulgaris,1938-08-12,1938,SO8505,SO80M,SO80NE,SO80,1935-1939,1930-1939
Vespula vulgaris,1938-08-08,1938,SO8304,SO80H,SO80SW,SO80,1935-1939,1930-1939
Vespula vulgaris,1940-06-01,1940,SO8304,SO80H,SO80SW,SO80,1940-1944,1940-1949
Vespula vulgaris,1935-08-09,1935,SO8505,SO80M,SO80NE,SO80,1935-1939,1930-1939
Vespula vulgaris,1940-06-14,1940,SO8304,SO80H,SO80SW,SO80,1940-1944,1940-1949
Vespula vulgaris,1941-05-20,1941,SO8304,SO80H,SO80SW,SO80,1940-1944,1940-1949
Vespula vulgaris,1941-05-18,1941,SO8304,SO80H,SO80SW,SO80,1940-1944,1940-1949
Vespula vulgaris,1942-06-01,1942,SO8304,SO80H,SO80SW,SO80,1940-1944,1940-1949
Vespula vulgaris,1941-05-13,1941,SO8304,SO80H,SO80SW,SO80,1940-1944,1940-1949
Vespula germanica,1940-10-15,1940,SO8304,SO80H,SO80SW,SO80,1940-1944,1940-1949
Vespula germanica,1921-10-30,1921,SO8304,SO80H,SO80SW,SO80,1920-1924,1920-1929
Vespula vulgaris,1941-10-22,1941,SO8304,SO80H,SO80SW,SO80,1940-1944,1940-1949
Vespula vulgaris,1941-10-22,1941,SO8304,SO80H,SO80SW,SO80,1940-1944,1940-1949
Vespula vulgaris,1941-10-20,1941,SO8304,SO80H,SO80SW,SO80,1940-1944,1940-1949
Vespula germanica,1941-08-02,1941,SO8304,SO80H,SO80SW,SO80,1940-1944,1940-1949
Vespula germanica,1933-09-15,1933,SO8505,SO80M,SO80NE,SO80,1930-1934,1930-1939
Vespula germanica,1938-08-08,1938,SO8304,SO80H,SO80SW,SO80,1935-1939,1930-1939
Vespula germanica,1941-10-03,1941,SO8304,SO80H,SO80SW,SO80,1940-1944,1940-1949
Vespula germanica,1938-08-01,1938,SO8304,SO80H,SO80SW,SO80,1935-1939,1930-1939
Vespula germanica,1941-07-23,1941,SO8304,SO80H,SO80SW,SO80,1940-1944,1940-1949
Vespula germanica,1938-05-05,1938,SO8505,SO80M,SO80NE,SO80,1935-1939,1930-1939
Vespula vulgaris,1938-08-08,1938,SO8304,SO80H,SO80SW,SO80,1935-1939,1930-1939
Vespula germanica,1941-05-16,1941,SO8304,SO80H,SO80SW,SO80,1940-1944,1940-1949
Vespula vulgaris,1945-08-19,1945,SO8304,SO80H,SO80SW,SO80,1945-1949,1940-1949
Vespula vulgaris,1938-08-08,1938,SO8304,SO80H,SO80SW,SO80,1935-1939,1930-1939
Vespula vulgaris,1936-10-30,1936,SO8505,SO80M,SO80NE,SO80,1935-1939,1930-1939
Vespula vulgaris,1945-04-09,1945,SO8304,SO80H,SO80SW,SO80,1945-1949,1940-1949
Vespula germanica,1933-09-16,1933,SO8505,SO80M,SO80NE,SO80,1930-1934,1930-1939
Vespula vulgaris,1947-10-25,1947,SO8304,SO80H,SO80SW,SO80,1945-1949,1940-1949
Vespula vulgaris,1943-07-17,1943,SO8304,SO80H,SO80SW,SO80,1940-1944,1940-1949
Vespula vulgaris,1943-07-16,1943,SO8304,SO80H,SO80SW,SO80,1940-1944,1940-1949
Vespula vulgaris,1943-07-17,1943,SO8304,SO80H,SO80SW,SO80,1940-1944,1940-1949
Vespula vulgaris,1938-08-08,1938,SO8304,SO80H,SO80SW,SO80,1935-1939,1930-1939
Vespula vulgaris,1942-08-06,1942,SO8304,SO80H,SO80SW,SO80,1940-1944,1940-1949
Vespula vulgaris,1938-08-08,1938,SO8304,SO80H,SO80SW,SO80,1935-1939,1930-1939
Vespula vulgaris,1943-04-13,1943,SO8304,SO80H,SO80SW,SO80,1940-1944,1940-1949
Vespula vulgaris,1938-08-12,1938,SO8505,SO80M,SO80NE,SO80,1935-1939,1930-1939
Vespula vulgaris,1938-08-12,1938,SO8505,SO80M,SO80NE,SO80,1935-1939,1930-1939
Vespula vulgaris,1939-07-20,1939,SO8304,SO80H,SO80SW,SO80,1935-1939,1930-1939
Vespula vulgaris,1939-07-20,1939,SO8304,SO80H,SO80SW,SO80,1935-1939,1930-1939
Vespula vulgaris,1942-08-03,1942,SO8304,SO80H,SO80SW,SO80,1940-1944,1940-1949
Vespula vulgaris,1938-08-12,1938,SO8505,SO80M,SO80NE,SO80,1935-1939,1930-1939
Vespula germanica,1943-07-16,1943,SO8304,SO80H,SO80SW,SO80,1940-1944,1940-1949
Vespula vulgaris,1938-08-12,1938,SO8505,SO80M,SO80NE,SO80,1935-1939,1930-1939
Vespula germanica,1945-04-12,1945,SO8304,SO80H,SO80SW,SO80,1945-1949,1940-1949
Vespula germanica,1940-08-29,1940,SO8304,SO80H,SO80SW,SO80,1940-1944,1940-1949
Vespula vulgaris,1941-05-05,1941,SO8304,SO80H,SO80SW,SO80,1940-1944,1940-1949
Vespula vulgaris,1940-06-22,1940,SO8304,SO80H,SO80SW,SO80,1940-1944,1940-1949
Vespula vulgaris,1938-08-12,1938,SO8505,SO80M,SO80NE,SO80,1935-1939,1930-1939
Vespula germanica,1939-08-19,1939,SO8304,SO80H,SO80SW,SO80,1935-1939,1930-1939
Vespula germanica,1944-10-19,1944,SO8304,SO80H,SO80SW,SO80,1940-1944,1940-1949
Vespula vulgaris,1938-08-08,1938,SO8304,SO80H,SO80SW,SO80,1935-1939,1930-1939
Vespula vulgaris,1938-08-08,1938,SO8304,SO80H,SO80SW,SO80,1935-1939,1930-1939
Vespula vulgaris,1942-04-14,1942,SO8304,SO80H,SO80SW,SO80,1940-1944,1940-1949
Vespula vulgaris,1938-08-08,1938,SO8304,SO80H,SO80SW,SO80,1935-1939,1930-1939
Vespula vulgaris,1938-08-08,1938,SO8304,SO80H,SO80SW,SO80,1935-1939,1930-1939
Vespula germanica,1938-08-08,1938,SO8304,SO80H,SO80SW,SO80,1935-1939,1930-1939
Vespula vulgaris,1938-08-08,1938,SO8304,SO80H,SO80SW,SO80,1935-1939,1930-1939
Vespula vulgaris,1940-05-20,1940,SO8304,SO80H,SO80SW,SO80,1940-1944,1940-1949
Vespula germanica,1942-04-15,1942,SO8304,SO80H,SO80SW,SO80,1940-1944,1940-1949
Vespula vulgaris,1945-08-23,1945,SO8304,SO80H,SO80SW,SO80,1945-1949,1940-1949
Vespula germanica,1941-07-29,1941,SO8304,SO80H,SO80SW,SO80,1940-1944,1940-1949
Vespula vulgaris,1938-08-08,1938,SO8304,SO80H,SO80SW,SO80,1935-1939,1930-1939
Vespula vulgaris,1940-07-06,1940,SO8505,SO80M,SO80NE,SO80,1940-1944,1940-1949
Vespula vulgaris,1945-04-13,1945,SO8304,SO80H,SO80SW,SO80,1945-1949,1940-1949
Vespula vulgaris,1945-04-15,1945,SO8304,SO80H,SO80SW,SO80,1945-1949,1940-1949
Vespula vulgaris,1944-07-14,1944,SO8304,SO80H,SO80SW,SO80,1940-1944,1940-1949
Vespula vulgaris,1938-08-08,1938,SO8304,SO80H,SO80SW,SO80,1935-1939,1930-1939
Vespula vulgaris,1945-04-09,1945,SO8304,SO80H,SO80SW,SO80,1945-1949,1940-1949
Vespula vulgaris,1943-07-22,1943,SO8304,SO80H,SO80SW,SO80,1940-1944,1940-1949
Vespula vulgaris,1936-10-28,1936,SO8505,SO80M,SO80NE,SO80,1935-1939,1930-1939
Vespula germanica,1933-09-18,1933,SO8505,SO80M,SO80NE,SO80,1930-1934,1930-1939
Vespula vulgaris,1943-06-29,1943,SO8304,SO80H,SO80SW,SO80,1940-1944,1940-1949
Vespula germanica,1940-09-29,1940,SO8304,SO80H,SO80SW,SO80,1940-1944,1940-1949
Vespula vulgaris,1941-10-20,1941,SO8304,SO80H,SO80SW,SO80,1940-1944,1940-1949
Vespula vulgaris,1944-07-14,1944,SO8304,SO80H,SO80SW,SO80,1940-1944,1940-1949
Vespula vulgaris,1942-08-01,1942,SO8304,SO80H,SO80SW,SO80,1940-1944,1940-1949
Vespula vulgaris,1942-05-03,1942,SO8304,SO80H,SO80SW,SO80,1940-1944,1940-1949
Vespula vulgaris,1940-10-15,1940,SO8304,SO80H,SO80SW,SO80,1940-1944,1940-1949
Vespula vulgaris,1940-10-20,1940,SO8304,SO80H,SO80SW,SO80,1940-1944,1940-1949
Vespula vulgaris,1938-08-12,1938,SO8505,SO80M,SO80NE,SO80,1935-1939,1930-1939
Vespula vulgaris,1938-08-08,1938,SO8304,SO80H,SO80SW,SO80,1935-1939,1930-1939
Vespula vulgaris,1938-08-12,1938,SO8505,SO80M,SO80NE,SO80,1935-1939,1930-1939
Vespula germanica,1943-07-22,1943,SO8304,SO80H,SO80SW,SO80,1940-1944,1940-1949
Vespula vulgaris,1938-08-08,1938,SO8304,SO80H,SO80SW,SO80,1935-1939,1930-1939
Vespula germanica,1944-08-12,1944,SO8304,SO80H,SO80SW,SO80,1940-1944,1940-1949
Vespula germanica,1945-04-12,1945,SO8304,SO80H,SO80SW,SO80,1945-1949,1940-1949
Vespula germanica,1944-08-02,1944,SO8304,SO80H,SO80SW,SO80,1940-1944,1940-1949
Vespula vulgaris,1938-08-12,1938,SO8505,SO80M,SO80NE,SO80,1935-1939,1930-1939
Vespula vulgaris,1938-08-12,1938,SO8505,SO80M,SO80NE,SO80,1935-1939,1930-1939
Vespula vulgaris,1938-08-08,1938,SO8304,SO80H,SO80SW,SO80,1935-1939,1930-1939
Vespula germanica,1940-08-22,1940,SO8304,SO80H,SO80SW,SO80,1940-1944,1940-1949
Vespula vulgaris,1938-08-13,1938,SO8505,SO80M,SO80NE,SO80,1935-1939,1930-1939
Vespula vulgaris,1936-11-13,1936,SO8505,SO80M,SO80NE,SO80,1935-1939,1930-1939
Vespula vulgaris,1936-11-12,1936,SO8505,SO80M,SO80NE,SO80,1935-1939,1930-1939
Vespula vulgaris,1940-10-28,1940,SO8304,SO80H,SO80SW,SO80,1940-1944,1940-1949
Vespula vulgaris,1938-11-02,1938,SO8505,SO80M,SO80NE,SO80,1935-1939,1930-1939
Vespula germanica,1941-09-25,1941,SO8304,SO80H,SO80SW,SO80,1940-1944,1940-1949
Vespula vulgaris,1936-10-30,1936,SO8505,SO80M,SO80NE,SO80,1935-1939,1930-1939
Vespula vulgaris,1943-07-16,1943,SO8304,SO80H,SO80SW,SO80,1940-1944,1940-1949
Vespula vulgaris,1940-07-06,1940,SO8304,SO80H,SO80SW,SO80,1940-1944,1940-1949
Vespula vulgaris,1945-04-12,1945,SO8304,SO80H,SO80SW,SO80,1945-1949,1940-1949
Vespula vulgaris,1940-05-04,1940,SO8304,SO80H,SO80SW,SO80,1940-1944,1940-1949
Vespula vulgaris,1945-04-12,1945,SO8304,SO80H,SO80SW,SO80,1945-1949,1940-1949
Vespula vulgaris,1940-05-08,1940,SO8304,SO80H,SO80SW,SO80,1940-1944,1940-1949
Vespula vulgaris,1938-08-08,1938,SO8304,SO80H,SO80SW,SO80,1935-1939,1930-1939
Vespula vulgaris,1940-06-04,1940,SO8304,SO80H,SO80SW,SO80,1940-1944,1940-1949
Vespula vulgaris,1944-07-14,1944,SO8304,SO80H,SO80SW,SO80,1940-1944,1940-1949
Vespula vulgaris,1944-10-22,1944,SO8304,SO80H,SO80SW,SO80,1940-1944,1940-1949
Vespula germanica,1922-05-06,1922,SO8304,SO80H,SO80SW,SO80,1920-1924,1920-1929
Vespula germanica,1933-10-29,1933,SO8304,SO80H,SO80SW,SO80,1930-1934,1930-1939
Vespula germanica,1933-10-29,1933,SO8304,SO80H,SO80SW,SO80,1930-1934,1930-1939
Vespula germanica,1944-07-14,1944,SO8304,SO80H,SO80SW,SO80,1940-1944,1940-1949
Vespula vulgaris,1941-08-06,1941,SO8304,SO80H,SO80SW,SO80,1940-1944,1940-1949
Vespula vulgaris,1938-08-08,1938,SO8304,SO80H,SO80SW,SO80,1935-1939,1930-1939
Vespula vulgaris,1942-07-22,1942,SO8304,SO80H,SO80SW,SO80,1940-1944,1940-1949
Vespula vulgaris,1938-08-12,1938,SO8505,SO80M,SO80NE,SO80,1935-1939,1930-1939
Vespula germanica,1943-05-27,1943,SO8304,SO80H,SO80SW,SO80,1940-1944,1940-1949
Vespula vulgaris,1938-08-12,1938,SO8505,SO80M,SO80NE,SO80,1935-1939,1930-1939
Vespula vulgaris,1941-09-02,1941,SO8304,SO80H,SO80SW,SO80,1940-1944,1940-1949
Vespula germanica,1945-08-19,1945,SO8304,SO80H,SO80SW,SO80,1945-1949,1940-1949
Vespula vulgaris,1938-08-08,1938,SO8304,SO80H,SO80SW,SO80,1935-1939,1930-1939
Vespula vulgaris,1941-08-06,1941,SO8304,SO80H,SO80SW,SO80,1940-1944,1940-1949
Vespula vulgaris,1939-07-20,1939,SO8304,SO80H,SO80SW,SO80,1935-1939,1930-1939
Vespula vulgaris,1941-05-20,1941,SO8304,SO80H,SO80SW,SO80,1940-1944,1940-1949
Vespula germanica,1982-08-29,1982,SO8304,SO80H,SO80SW,SO80,1980-1984,1980-1989
Vespula germanica,1943-09-09,1943,SO8304,SO80H,SO80SW,SO80,1940-1944,1940-1949
Vespula vulgaris,1942-07-25,1942,SO8304,SO80H,SO80SW,SO80,1940-1944,1940-1949
Vespula germanica,1936-08-07,1936,SO8505,SO80M,SO80NE,SO80,1935-1939,1930-1939
Vespula vulgaris,1944-08-26,1944,SO8304,SO80H,SO80SW,SO80,1940-1944,1940-1949
Vespula vulgaris,1944-07-13,1944,SO8304,SO80H,SO80SW,SO80,1940-1944,1940-1949
Vespula germanica,1942-10-02,1942,SO8304,SO80H,SO80SW,SO80,1940-1944,1940-1949
Vespula vulgaris,1944-07-17,1944,SO8304,SO80H,SO80SW,SO80,1940-1944,1940-1949
Vespula vulgaris,1942-07-19,1942,SO8304,SO80H,SO80SW,SO80,1940-1944,1940-1949
Vespula vulgaris,1940-07-06,1940,SO8304,SO80H,SO80SW,SO80,1940-1944,1940-1949
Vespula vulgaris,1945-04-09,1945,SO8304,SO80H,SO80SW,SO80,1945-1949,1940-1949
Vespula germanica,1941-08-24,1941,SO8304,SO80H,SO80SW,SO80,1940-1944,1940-1949
Vespula vulgaris,1938-08-08,1938,SO8304,SO80H,SO80SW,SO80,1935-1939,1930-1939
Vespula vulgaris,1944-06-19,1944,SO8304,SO80H,SO80SW,SO80,1940-1944,1940-1949
Vespula vulgaris,1941-08-06,1941,SO8304,SO80H,SO80SW,SO80,1940-1944,1940-1949
Vespula vulgaris,1941-08-06,1941,SO8304,SO80H,SO80SW,SO80,1940-1944,1940-1949
Vespula vulgaris,1945-04-12,1945,SO8304,SO80H,SO80SW,SO80,1945-1949,1940-1949
Vespula vulgaris,1945-05-17,1945,SO8304,SO80H,SO80SW,SO80,1945-1949,1940-1949
Vespula germanica,1933-09-29,1933,SO8505,SO80M,SO80NE,SO80,1930-1934,1930-1939
Vespula vulgaris,1938-08-12,1938,SO8505,SO80M,SO80NE,SO80,1935-1939,1930-1939
Vespula vulgaris,1940-10-15,1940,SO8304,SO80H,SO80SW,SO80,1940-1944,1940-1949
Vespula vulgaris,1947-10-25,1947,SO8304,SO80H,SO80SW,SO80,1945-1949,1940-1949
Vespula vulgaris,1944-07-24,1944,SO8304,SO80H,SO80SW,SO80,1940-1944,1940-1949
Vespula vulgaris,1945-04-09,1945,SO8304,SO80H,SO80SW,SO80,1945-1949,1940-1949
Vespula vulgaris,1942-08-06,1942,SO8304,SO80H,SO80SW,SO80,1940-1944,1940-1949
Vespula vulgaris,1942-08-12,1942,SO8304,SO80H,SO80SW,SO80,1940-1944,1940-1949
Vespula germanica,1945-04-27,1945,SO8304,SO80H,SO80SW,SO80,1945-1949,1940-1949
Vespula germanica,1933-10-29,1933,SO8304,SO80H,SO80SW,SO80,1930-1934,1930-1939
Vespula germanica,1945-08-26,1945,SO8304,SO80H,SO80SW,SO80,1945-1949,1940-1949
Vespula vulgaris,1940-10-15,1940,SO8304,SO80H,SO80SW,SO80,1940-1944,1940-1949
Vespula vulgaris,1940-07-01,1940,SO8304,SO80H,SO80SW,SO80,1940-1944,1940-1949
Vespula vulgaris,1936-11-05,1936,SO8505,SO80M,SO80NE,SO80,1935-1939,1930-1939
Vespula vulgaris,1941-10-20,1941,SO8304,SO80H,SO80SW,SO80,1940-1944,1940-1949
Vespula vulgaris,1944-07-21,1944,SO8304,SO80H,SO80SW,SO80,1940-1944,1940-1949
Vespula vulgaris,1942-10-03,1942,SO8304,SO80H,SO80SW,SO80,1940-1944,1940-1949
Vespula vulgaris,1947-10-25,1947,SO8304,SO80H,SO80SW,SO80,1945-1949,1940-1949
Vespula vulgaris,1938-08-08,1938,SO8304,SO80H,SO80SW,SO80,1935-1939,1930-1939
Vespula vulgaris,1940-07-06,1940,SO8304,SO80H,SO80SW,SO80,1940-1944,1940-1949
Vespula germanica,1945-04-27,1945,SO8304,SO80H,SO80SW,SO80,1945-1949,1940-1949
Vespula vulgaris,1944-07-21,1944,SO8304,SO80H,SO80SW,SO80,1940-1944,1940-1949
Vespula vulgaris,1942-08-02,1942,SO8304,SO80H,SO80SW,SO80,1940-1944,1940-1949
Vespula vulgaris,1936-10-28,1936,SO8505,SO80M,SO80NE,SO80,1935-1939,1930-1939
Vespula vulgaris,1940-06-26,1940,SO8304,SO80H,SO80SW,SO80,1940-1944,1940-1949
Vespula vulgaris,1940-10-20,1940,SO8304,SO80H,SO80SW,SO80,1940-1944,1940-1949
Vespula germanica,1925-11-02,1925,SP5106,SP50D,SP50NW,SP50,1925-1929,1920-1929
Vespula germanica,1927-05-05,1927,SP5106,SP50D,SP50NW,SP50,1925-1929,1920-1929
Vespula germanica,1922-06-01,1922,SP5102,SP50B,SP50SW,SP50,1920-1924,1920-1929
Vespula vulgaris,1916-10-09,1916,SP5107,SP50D,SP50NW,SP50,1915-1919,1910-1919
Vespula vulgaris,1916-10-09,1916,SP5107,SP50D,SP50NW,SP50,1915-1919,1910-1919
Vespula vulgaris,1916-03-31,1916,SP5106,SP50D,SP50NW,SP50,1915-1919,1910-1919
Vespula germanica,1925-08-02,1925,SP5102,SP50B,SP50SW,SP50,1925-1929,1920-1929
Vespula germanica,1927-10-03,1927,SP5106,SP50D,SP50NW,SP50,1925-1929,1920-1929
Vespula germanica,1901-05-19,1901,SP5605,SP50S,SP50NE,SP50,1900-1904,1900-1909
Vespula germanica,1916-10-09,1916,SP5107,SP50D,SP50NW,SP50,1915-1919,1910-1919
Vespula germanica,1901-04-19,1901,SP5605,SP50S,SP50NE,SP50,1900-1904,1900-1909
Vespula germanica,1921-09-01,1921,SP5107,SP50D,SP50NW,SP50,1920-1924,1920-1929
Vespula germanica,1905-04-12,1905,SP5106,SP50D,SP50NW,SP50,1905-1909,1900-1909
Vespula vulgaris,1902-10-19,1902,SP5107,SP50D,SP50NW,SP50,1900-1904,1900-1909
Vespula germanica,1925-10-10,1925,SP5106,SP50D,SP50NW,SP50,1925-1929,1920-1929
Vespula germanica,1933-05-19,1933,SP5106,SP50D,SP50NW,SP50,1930-1934,1930-1939
Vespula germanica,1927-10-03,1927,SP5106,SP50D,SP50NW,SP50,1925-1929,1920-1929
Vespula germanica,1926-05-02,1926,SP5102,SP50B,SP50SW,SP50,1925-1929,1920-1929
Vespula germanica,1900-04-19,1900,SP5107,SP50D,SP50NW,SP50,1900-1904,1900-1909
Vespula germanica,1900-05-05,1900,SP5107,SP50D,SP50NW,SP50,1900-1904,1900-1909
Vespula germanica,1927-11-03,1927,SP5107,SP50D,SP50NW,SP50,1925-1929,1920-1929
Vespula germanica,1927-10-03,1927,SP5106,SP50D,SP50NW,SP50,1925-1929,1920-1929
Vespula vulgaris,1916-02-06,1916,SP5305,SP50H,SP50NW,SP50,1915-1919,1910-1919
Vespula germanica,1927-06-03,1927,SP5107,SP50D,SP50NW,SP50,1925-1929,1920-1929
Vespula vulgaris,1925-08-05,1925,SP5102,SP50B,SP50SW,SP50,1925-1929,1920-1929
Vespula germanica,1922-02-24,1922,SP5106,SP50D,SP50NW,SP50,1920-1924,1920-1929
Vespula germanica,1926-06-04,1926,SP5102,SP50B,SP50SW,SP50,1925-1929,1920-1929
Vespula germanica,1927-03-21,1927,SP5106,SP50D,SP50NW,SP50,1925-1929,1920-1929
Vespula vulgaris,1901-04-19,1901,SP5107,SP50D,SP50NW,SP50,1900-1904,1900-1909
Vespula germanica,1927-10-03,1927,SP5106,SP50D,SP50NW,SP50,1925-1929,1920-1929
Vespula germanica,1933-10-16,1933,SP5106,SP50D,SP50NW,SP50,1930-1934,1930-1939
Vespula vulgaris,1932-06-15,1932,SP5102,SP50B,SP50SW,SP50,1930-1934,1930-1939
Vespula germanica,1919-10-16,1919,SP5106,SP50D,SP50NW,SP50,1915-1919,1910-1919
Vespula germanica,1925-08-02,1925,SP5102,SP50B,SP50SW,SP50,1925-1929,1920-1929
Vespula vulgaris,1925-08-05,1925,SP5102,SP50B,SP50SW,SP50,1925-1929,1920-1929
Vespula vulgaris,1923-02-03,1923,SP5106,SP50D,SP50NW,SP50,1920-1924,1920-1929
Vespula germanica,1900-04-17,1900,SP5107,SP50D,SP50NW,SP50,1900-1904,1900-1909
Vespula vulgaris,1925-08-02,1925,SP5102,SP50B,SP50SW,SP50,1925-1929,1920-1929
Vespula germanica,1927-04-20,1927,SP5107,SP50D,SP50NW,SP50,1925-1929,1920-1929
Vespula germanica,1900-05-05,1900,SP5107,SP50D,SP50NW,SP50,1900-1904,1900-1909
Vespula germanica,1927-04-24,1927,SP5106,SP50D,SP50NW,SP50,1925-1929,1920-1929
Vespula vulgaris,1989-11-08,1989,SP9807,SP90Y,SP90NE,SP90,1985-1989,1980-1989
Vespula vulgaris,1991-03-07,1991,SP9807,SP90Y,SP90NE,SP90,1990-1994,1990-1999
Vespula vulgaris,1912-09-06,1912,ST3261,ST36F,ST36SW,ST36,1910-1914,1910-1919
Vespula germanica,1916-09-08,1916,ST3261,ST36F,ST36SW,ST36,1915-1919,1910-1919
Vespula germanica,1921-09-16,1921,ST3262,ST36G,ST36SW,ST36,1920-1924,1920-1929
Vespa crabro,1921-10-09,1921,ST3261,ST36F,ST36SW,ST36,1920-1924,1920-1929
Vespula vulgaris,1919-09-18,1919,ST3262,ST36G,ST36SW,ST36,1915-1919,1910-1919
Vespula vulgaris,1919-09-17,1919,ST3262,ST36G,ST36SW,ST36,1915-1919,1910-1919
Vespula germanica,1921-09-16,1921,ST3262,ST36G,ST36SW,ST36,1920-1924,1920-1929
Vespula germanica,1921-08-21,1921,ST3261,ST36F,ST36SW,ST36,1920-1924,1920-1929
Vespula vulgaris,1920-04-17,1920,ST3261,ST36F,ST36SW,ST36,1920-1924,1920-1929
Vespula vulgaris,1914-04-04,1914,ST3261,ST36F,ST36SW,ST36,1910-1914,1910-1919
Vespula vulgaris,1940-10-13,1940,SU0100,SU00A,SU00SW,SU00,1940-1944,1940-1949
Vespula germanica,1935-12-29,1935,SU0100,SU00A,SU00SW,SU00,1935-1939,1930-1939
Vespa crabro,1933-08-24,1933,SU2908,SU20Z,SU20NE,SU20,1930-1934,1930-1939
Vespa crabro,1937-09-04,1937,SU2608,SU20U,SU20NE,SU20,1935-1939,1930-1939
Vespa crabro,1977-11-03,1977,SU2608,SU20U,SU20NE,SU20,1975-1979,1970-1979
Vespula vulgaris,1927-08-10,1927,SU2608,SU20U,SU20NE,SU20,1925-1929,1920-1929
Vespa crabro,1952-08-21,1952,SU2908,SU20Z,SU20NE,SU20,1950-1954,1950-1959
Vespa crabro,1933-08-24,1933,SU2908,SU20Z,SU20NE,SU20,1930-1934,1930-1939
Vespa crabro,1977-11-03,1977,SU2608,SU20U,SU20NE,SU20,1975-1979,1970-1979
Vespa crabro,1933-08-24,1933,SU2908,SU20Z,SU20NE,SU20,1930-1934,1930-1939
Vespa crabro,1919-06-18,1919,SU2902,SU20W,SU20SE,SU20,1915-1919,1910-1919
Vespa crabro,1937-09-04,1937,SU2608,SU20U,SU20NE,SU20,1935-1939,1930-1939
Vespa crabro,1937-09-04,1937,SU2608,SU20U,SU20NE,SU20,1935-1939,1930-1939
Vespa crabro,1977-11-03,1977,SU2608,SU20U,SU20NE,SU20,1975-1979,1970-1979
Vespula vulgaris,1938-06-05,1938,SU2507,SU20N,SU20NE,SU20,1935-1939,1930-1939
Vespa crabro,1917-09-01,1917,SU2608,SU20U,SU20NE,SU20,1915-1919,1910-1919
Vespa crabro,1919-06-19,1919,SU2608,SU20U,SU20NE,SU20,1915-1919,1910-1919
Vespa crabro,1977-11-03,1977,SU2608,SU20U,SU20NE,SU20,1975-1979,1970-1979
Vespa crabro,1933-12-03,1933,SU2608,SU20U,SU20NE,SU20,1930-1934,1930-1939
Vespa crabro,1917-09-01,1917,SU2608,SU20U,SU20NE,SU20,1915-1919,1910-1919
Vespa crabro,1933-07-28,1933,SU2608,SU20U,SU20NE,SU20,1930-1934,1930-1939
Vespa crabro,1937-09-04,1937,SU2608,SU20U,SU20NE,SU20,1935-1939,1930-1939
Vespa crabro,1934-08-04,1934,SU2902,SU20W,SU20SE,SU20,1930-1934,1930-1939
Vespa crabro,1936-07-07,1936,SU2902,SU20W,SU20SE,SU20,1935-1939,1930-1939
Vespula vulgaris,1927-08-10,1927,SU2608,SU20U,SU20NE,SU20,1925-1929,1920-1929
Vespa crabro,1977-11-03,1977,SU2608,SU20U,SU20NE,SU20,1975-1979,1970-1979
Vespula vulgaris,1927-08-10,1927,SU2608,SU20U,SU20NE,SU20,1925-1929,1920-1929
Vespa crabro,1917-09-01,1917,SU2608,SU20U,SU20NE,SU20,1915-1919,1910-1919
Vespa crabro,1917-09-01,1917,SU2608,SU20U,SU20NE,SU20,1915-1919,1910-1919
Vespa crabro,1939-07-03,1939,SU2608,SU20U,SU20NE,SU20,1935-1939,1930-1939
Vespa crabro,1949-07-16,1949,SU2608,SU20U,SU20NE,SU20,1945-1949,1940-1949
Vespa crabro,1951-11-22,1951,SU2608,SU20U,SU20NE,SU20,1950-1954,1950-1959
Vespa crabro,1952-08-21,1952,SU2908,SU20Z,SU20NE,SU20,1950-1954,1950-1959
Vespula vulgaris,1933-08-05,1933,SU2908,SU20Z,SU20NE,SU20,1930-1934,1930-1939
Vespa crabro,1917-09-01,1917,SU2608,SU20U,SU20NE,SU20,1915-1919,1910-1919
Vespula germanica,1906-05-14,1906,SU2608,SU20U,SU20NE,SU20,1905-1909,1900-1909
Vespa crabro,1930-08-07,1930,SU2902,SU20W,SU20SE,SU20,1930-1934,1930-1939
Vespula vulgaris,1927-08-10,1927,SU2608,SU20U,SU20NE,SU20,1925-1929,1920-1929
Vespa crabro,1952-08-16,1952,SU2908,SU20Z,SU20NE,SU20,1950-1954,1950-1959
Vespula germanica,1933-08-16,1933,SU2908,SU20Z,SU20NE,SU20,1930-1934,1930-1939
Vespa crabro,1952-08-16,1952,SU2908,SU20Z,SU20NE,SU20,1950-1954,1950-1959
Vespa crabro,1949-07-16,1949,SU2608,SU20U,SU20NE,SU20,1945-1949,1940-1949
Vespula germanica,1933-09-10,1933,SU2908,SU20Z,SU20NE,SU20,1930-1934,1930-1939
Vespa crabro,1949-07-16,1949,SU2608,SU20U,SU20NE,SU20,1945-1949,1940-1949
Vespa crabro,1972-11-25,1972,SU2507,SU20N,SU20NE,SU20,1970-1974,1970-1979
Vespa crabro,1933-08-24,1933,SU2908,SU20Z,SU20NE,SU20,1930-1934,1930-1939
Vespula germanica,1933-08-02,1933,SU2908,SU20Z,SU20NE,SU20,1930-1934,1930-1939
Vespa crabro,1917-09-01,1917,SU2608,SU20U,SU20NE,SU20,1915-1919,1910-1919
Vespula vulgaris,1927-08-10,1927,SU2608,SU20U,SU20NE,SU20,1925-1929,1920-1929
Vespa crabro,1937-04-01,1937,SU2608,SU20U,SU20NE,SU20,1935-1939,1930-1939
Vespa crabro,1971-09-18,1971,SU2905,SU20X,SU20NE,SU20,1970-1974,1970-1979
Vespa crabro,1952-08-21,1952,SU2908,SU20Z,SU20NE,SU20,1950-1954,1950-1959
Vespa crabro,1972-11-25,1972,SU2507,SU20N,SU20NE,SU20,1970-1974,1970-1979
Vespa crabro,1908-08-13,1908,SU2608,SU20U,SU20NE,SU20,1905-1909,1900-1909
Vespa crabro,1952-08-21,1952,SU2908,SU20Z,SU20NE,SU20,1950-1954,1950-1959
Vespa crabro,1990-10-01,1990,SU2608,SU20U,SU20NE,SU20,1990-1994,1990-1999
Vespula vulgaris,1927-08-10,1927,SU2608,SU20U,SU20NE,SU20,1925-1929,1920-1929
Vespa crabro,1937-08-07,1937,SU2902,SU20W,SU20SE,SU20,1935-1939,1930-1939
Vespula vulgaris,1933-08-05,1933,SU2908,SU20Z,SU20NE,SU20,1930-1934,1930-1939
Vespula vulgaris,1927-08-10,1927,SU2608,SU20U,SU20NE,SU20,1925-1929,1920-1929
Vespa crabro,1928-08-01,1928,SU2608,SU20U,SU20NE,SU20,1925-1929,1920-1929
Vespa crabro,1952-08-16,1952,SU2908,SU20Z,SU20NE,SU20,1950-1954,1950-1959
Vespa crabro,1928-08-01,1928,SU2608,SU20U,SU20NE,SU20,1925-1929,1920-1929
Vespa crabro,1969-11-08,1969,SU2905,SU20X,SU20NE,SU20,1965-1969,1960-1969
Vespula vulgaris,1927-08-10,1927,SU2608,SU20U,SU20NE,SU20,1925-1929,1920-1929
Vespa crabro,1915-07-30,1915,SU2608,SU20U,SU20NE,SU20,1915-1919,1910-1919
Vespa crabro,1968-08-27,1968,SU2908,SU20Z,SU20NE,SU20,1965-1969,1960-1969
Vespa crabro,1905-05-14,1905,SU2608,SU20U,SU20NE,SU20,1905-1909,1900-1909
Vespa crabro,1952-08-21,1952,SU2908,SU20Z,SU20NE,SU20,1950-1954,1950-1959
Vespa crabro,1928-08-01,1928,SU2608,SU20U,SU20NE,SU20,1925-1929,1920-1929
Vespa crabro,1917-09-01,1917,SU2608,SU20U,SU20NE,SU20,1915-1919,1910-1919
Vespula germanica,1920-08-26,1920,SU3802,SU30W,SU30SE,SU30,1920-1924,1920-1929
Vespula germanica,1916-04-25,1916,SU3802,SU30W,SU30SE,SU30,1915-1919,1910-1919
Vespula germanica,1920-08-28,1920,SU3802,SU30W,SU30SE,SU30,1920-1924,1920-1929
Vespa crabro,1912-10-14,1912,SU3802,SU30W,SU30SE,SU30,1910-1914,1910-1919
Vespa crabro,1912-08-21,1912,SU3802,SU30W,SU30SE,SU30,1910-1914,1910-1919
Vespa crabro,1912-08-21,1912,SU3802,SU30W,SU30SE,SU30,1910-1914,1910-1919
Vespula vulgaris,1986-07-21,1986,SU3601,SU30Q,SU30SE,SU30,1985-1989,1980-1989
Vespa crabro,1911-10-14,1911,SU3802,SU30W,SU30SE,SU30,1910-1914,1910-1919
Vespa crabro,1911-10-14,1911,SU3802,SU30W,SU30SE,SU30,1910-1914,1910-1919
Vespa crabro,1908-08-14,1908,SU3307,SU30I,SU30NW,SU30,1905-1909,1900-1909
Vespula germanica,1920-08-25,1920,SU3802,SU30W,SU30SE,SU30,1920-1924,1920-1929
Vespa crabro,1912-10-14,1912,SU3802,SU30W,SU30SE,SU30,1910-1914,1910-1919
Vespa crabro,1933-08-24,1933,SU3005,SU30C,SU30NW,SU30,1930-1934,1930-1939
Vespula germanica,1920-08-28,1920,SU3802,SU30W,SU30SE,SU30,1920-1924,1920-1929
Vespa crabro,1970-08-29,1970,SU3305,SU30H,SU30NW,SU30,1970-1974,1970-1979
Vespa crabro,1912-10-14,1912,SU3802,SU30W,SU30SE,SU30,1910-1914,1910-1919
Vespa crabro,1912-09-18,1912,SU3802,SU30W,SU30SE,SU30,1910-1914,1910-1919
Vespa crabro,1920-08-21,1920,SU3802,SU30W,SU30SE,SU30,1920-1924,1920-1929
Vespa crabro,1912-10-14,1912,SU3802,SU30W,SU30SE,SU30,1910-1914,1910-1919
Vespa crabro,1908-08-14,1908,SU3307,SU30I,SU30NW,SU30,1905-1909,1900-1909
Vespula vulgaris,1960-10-27,1960,SU3512,SU31L,SU31SE,SU31,1960-1964,1960-1969
Vespa crabro,1953-06-06,1953,SU3512,SU31L,SU31SE,SU31,1950-1954,1950-1959
Vespula vulgaris,1966-06-21,1966,SU3512,SU31L,SU31SE,SU31,1965-1969,1960-1969
Vespula germanica,1959-08-04,1959,SU3512,SU31L,SU31SE,SU31,1955-1959,1950-1959
Vespa crabro,1952-08-05,1952,SU3512,SU31L,SU31SE,SU31,1950-1954,1950-1959
Vespa crabro,1953-06-06,1953,SU3512,SU31L,SU31SE,SU31,1950-1954,1950-1959
Vespa crabro,1953-04-13,1953,SU3512,SU31L,SU31SE,SU31,1950-1954,1950-1959
Vespula germanica,1960-05-09,1960,SU3512,SU31L,SU31SE,SU31,1960-1964,1960-1969
Vespa crabro,1953-06-06,1953,SU3512,SU31L,SU31SE,SU31,1950-1954,1950-1959
Vespula vulgaris,1955-09-24,1955,SU3512,SU31L,SU31SE,SU31,1955-1959,1950-1959
Vespula vulgaris,1966-09-04,1966,SU3512,SU31L,SU31SE,SU31,1965-1969,1960-1969
Vespula germanica,1952-08-05,1952,SU3512,SU31L,SU31SE,SU31,1950-1954,1950-1959
Vespula vulgaris,1966-07-23,1966,SU3512,SU31L,SU31SE,SU31,1965-1969,1960-1969
Vespula vulgaris,1952-08-08,1952,SU3512,SU31L,SU31SE,SU31,1950-1954,1950-1959
Vespa crabro,1953-08-01,1953,SU3512,SU31L,SU31SE,SU31,1950-1954,1950-1959
Vespula vulgaris,1960-07-31,1960,SU3512,SU31L,SU31SE,SU31,1960-1964,1960-1969
Vespula vulgaris,1959-09-27,1959,SU3512,SU31L,SU31SE,SU31,1955-1959,1950-1959
Vespula vulgaris,1953-06-23,1953,SU3512,SU31L,SU31SE,SU31,1950-1954,1950-1959
Vespula vulgaris,1953-06-14,1953,SU3512,SU31L,SU31SE,SU31,1950-1954,1950-1959
Vespula vulgaris,1953-06-23,1953,SU3512,SU31L,SU31SE,SU31,1950-1954,1950-1959
Vespa crabro,1953-06-06,1953,SU3512,SU31L,SU31SE,SU31,1950-1954,1950-1959
Vespula vulgaris,1960-05-09,1960,SU3512,SU31L,SU31SE,SU31,1960-1964,1960-1969
Vespula vulgaris,1959-10-31,1959,SU3512,SU31L,SU31SE,SU31,1955-1959,1950-1959
Vespula vulgaris,1960-08-02,1960,SU3512,SU31L,SU31SE,SU31,1960-1964,1960-1969
Vespula vulgaris,1959-10-17,1959,SU3512,SU31L,SU31SE,SU31,1955-1959,1950-1959
Vespula germanica,1952-08-05,1952,SU3512,SU31L,SU31SE,SU31,1950-1954,1950-1959
Vespula vulgaris,1959-08-04,1959,SU3512,SU31L,SU31SE,SU31,1955-1959,1950-1959
Vespula vulgaris,1953-06-23,1953,SU3512,SU31L,SU31SE,SU31,1950-1954,1950-1959
Vespula vulgaris,1953-05-03,1953,SU3512,SU31L,SU31SE,SU31,1950-1954,1950-1959
Vespula germanica,1952-08-06,1952,SU3512,SU31L,SU31SE,SU31,1950-1954,1950-1959
Vespula vulgaris,1923-05-06,1923,SU3512,SU31L,SU31SE,SU31,1920-1924,1920-1929
Vespula vulgaris,1959-10-17,1959,SU3512,SU31L,SU31SE,SU31,1955-1959,1950-1959
Vespula germanica,1952-08-06,1952,SU3512,SU31L,SU31SE,SU31,1950-1954,1950-1959
Vespula germanica,1952-08-05,1952,SU3512,SU31L,SU31SE,SU31,1950-1954,1950-1959
Vespa crabro,1958-06-02,1958,SU3512,SU31L,SU31SE,SU31,1955-1959,1950-1959
Vespa crabro,1953-08-01,1953,SU3512,SU31L,SU31SE,SU31,1950-1954,1950-1959
Vespula vulgaris,1952-08-03,1952,SU3224,SU32H,SU32SW,SU32,1950-1954,1950-1959
Vespula vulgaris,1964-08-09,1964,SU3224,SU32H,SU32SW,SU32,1960-1964,1960-1969
Vespula germanica,1966-08-21,1966,SU3224,SU32H,SU32SW,SU32,1965-1969,1960-1969
Vespula vulgaris,1966-09-24,1966,SU3224,SU32H,SU32SW,SU32,1965-1969,1960-1969
Vespula germanica,1975-04-01,1975,SU3224,SU32H,SU32SW,SU32,1975-1979,1970-1979
Vespula germanica,1960-04-18,1960,SU3224,SU32H,SU32SW,SU32,1960-1964,1960-1969
Vespula vulgaris,1966-09-16,1966,SU3224,SU32H,SU32SW,SU32,1965-1969,1960-1969
Vespula vulgaris,1966-08-27,1966,SU3224,SU32H,SU32SW,SU32,1965-1969,1960-1969
Vespula germanica,1959-07-05,1959,SU3224,SU32H,SU32SW,SU32,1955-1959,1950-1959
Vespula vulgaris,1960-07-03,1960,SU3224,SU32H,SU32SW,SU32,1960-1964,1960-1969
Vespula vulgaris,1964-08-09,1964,SU3224,SU32H,SU32SW,SU32,1960-1964,1960-1969
Vespula vulgaris,1966-09-16,1966,SU3224,SU32H,SU32SW,SU32,1965-1969,1960-1969
Vespula vulgaris,1966-09-24,1966,SU3224,SU32H,SU32SW,SU32,1965-1969,1960-1969
Vespula vulgaris,1966-08-27,1966,SU3224,SU32H,SU32SW,SU32,1965-1969,1960-1969
Vespula vulgaris,1966-09-16,1966,SU3224,SU32H,SU32SW,SU32,1965-1969,1960-1969
Vespula vulgaris,1958-08-05,1958,SU4519,SU41P,SU41NE,SU41,1955-1959,1950-1959
Vespa crabro,1975-10-02,1975,SU4114,SU41C,SU41SW,SU41,1975-1979,1970-1979
Vespa crabro,1952-08-28,1952,SU4114,SU41C,SU41SW,SU41,1950-1954,1950-1959
Vespula vulgaris,1981-06-21,1981,SU4829,SU42Z,SU42NE,SU42,1980-1984,1980-1989
Vespula germanica,1977-07-02,1977,SU4829,SU42Z,SU42NE,SU42,1975-1979,1970-1979
Vespula vulgaris,1979-08-10,1979,SU4827,SU42Y,SU42NE,SU42,1975-1979,1970-1979
Vespula vulgaris,1978-12-02,1978,SU4829,SU42Z,SU42NE,SU42,1975-1979,1970-1979
Vespula vulgaris,1971-05-09,1971,SU5406,SU50N,SU50NW,SU50,1970-1974,1970-1979
Vespula vulgaris,1974-03-15,1974,SU5107,SU50D,SU50NW,SU50,1970-1974,1970-1979
Vespula vulgaris,1970-10-23,1970,SU5406,SU50N,SU50NW,SU50,1970-1974,1970-1979
Vespula vulgaris,1909-05-24,1909,SU5406,SU50N,SU50NW,SU50,1905-1909,1900-1909
Vespula vulgaris,1971-08-28,1971,SU5410,SU51K,SU51SW,SU51,1970-1974,1970-1979
Vespula vulgaris,1976-03-28,1976,SU5410,SU51K,SU51SW,SU51,1975-1979,1970-1979
Vespula vulgaris,1971-08-28,1971,SU5410,SU51K,SU51SW,SU51,1970-1974,1970-1979
Vespula germanica,1970-11-15,1970,SU6206,SU60I,SU60NW,SU60,1970-1974,1970-1979
Vespula germanica,1970-11-15,1970,SU6206,SU60I,SU60NW,SU60,1970-1974,1970-1979
Vespula vulgaris,1971-10-09,1971,SU6005,SU60C,SU60NW,SU60,1970-1974,1970-1979
Vespula vulgaris,1909-05-25,1909,SU6005,SU60C,SU60NW,SU60,1905-1909,1900-1909
Vespula vulgaris,1909-05-25,1909,SU6005,SU60C,SU60NW,SU60,1905-1909,1900-1909
Vespula germanica,1970-11-15,1970,SU6206,SU60I,SU60NW,SU60,1970-1974,1970-1979
Vespula vulgaris,1971-07-11,1971,SU6005,SU60C,SU60NW,SU60,1970-1974,1970-1979
Vespula germanica,1971-10-23,1971,SU6204,SU60H,SU60SW,SU60,1970-1974,1970-1979
Vespula germanica,1970-11-15,1970,SU6206,SU60I,SU60NW,SU60,1970-1974,1970-1979
Vespula vulgaris,1971-07-17,1971,SU6005,SU60C,SU60NW,SU60,1970-1974,1970-1979
Vespula vulgaris,1970-10-19,1970,SU6005,SU60C,SU60NW,SU60,1970-1974,1970-1979
Vespula germanica,1970-11-15,1970,SU6206,SU60I,SU60NW,SU60,1970-1974,1970-1979
Vespula germanica,1970-11-15,1970,SU6206,SU60I,SU60NW,SU60,1970-1974,1970-1979
Vespula germanica,1971-10-23,1971,SU6204,SU60H,SU60SW,SU60,1970-1974,1970-1979
Vespula vulgaris,1976-07-18,1976,SU6206,SU60I,SU60NW,SU60,1975-1979,1970-1979
Vespula vulgaris,1970-10-19,1970,SU6005,SU60C,SU60NW,SU60,1970-1974,1970-1979
Vespula vulgaris,1970-10-03,1970,SU6005,SU60C,SU60NW,SU60,1970-1974,1970-1979
Vespula germanica,1971-10-23,1971,SU6204,SU60H,SU60SW,SU60,1970-1974,1970-1979
Vespula germanica,1971-10-23,1971,SU6204,SU60H,SU60SW,SU60,1970-1974,1970-1979
Vespula germanica,1971-10-23,1971,SU6204,SU60H,SU60SW,SU60,1970-1974,1970-1979
Vespula vulgaris,1973-04-14,1973,SU6206,SU60I,SU60NW,SU60,1970-1974,1970-1979
Vespula germanica,1971-09-04,1971,SU6206,SU60I,SU60NW,SU60,1970-1974,1970-1979
Vespula germanica,1970-05-24,1970,SU6206,SU60I,SU60NW,SU60,1970-1974,1970-1979
Vespula germanica,1976-08-14,1976,SU6160,SU66A,SU66SW,SU66,1975-1979,1970-1979
Vespula germanica,1936-07-20,1936,SU6160,SU66A,SU66SW,SU66,1935-1939,1930-1939
Vespula germanica,1936-07-20,1936,SU6160,SU66A,SU66SW,SU66,1935-1939,1930-1939
Vespula germanica,1936-07-20,1936,SU6160,SU66A,SU66SW,SU66,1935-1939,1930-1939
Vespula vulgaris,1972-08-26,1972,SU7118,SU71E,SU71NW,SU71,1970-1974,1970-1979
Vespula vulgaris,1972-08-26,1972,SU7118,SU71E,SU71NW,SU71,1970-1974,1970-1979
Vespula vulgaris,1974-08-24,1974,SU7118,SU71E,SU71NW,SU71,1970-1974,1970-1979
Vespula vulgaris,1973-07-21,1973,SU7118,SU71E,SU71NW,SU71,1970-1974,1970-1979
Vespula vulgaris,1973-05-19,1973,SU7118,SU71E,SU71NW,SU71,1970-1974,1970-1979
Vespula vulgaris,1979-08-05,1979,SU7118,SU71E,SU71NW,SU71,1975-1979,1970-1979
Vespula vulgaris,1974-08-24,1974,SU7118,SU71E,SU71NW,SU71,1970-1974,1970-1979
Vespula vulgaris,1974-08-24,1974,SU7118,SU71E,SU71NW,SU71,1970-1974,1970-1979
Vespula vulgaris,1974-08-24,1974,SU7118,SU71E,SU71NW,SU71,1970-1974,1970-1979
Vespula vulgaris,1974-08-24,1974,SU7118,SU71E,SU71NW,SU71,1970-1974,1970-1979
Vespula vulgaris,1972-08-26,1972,SU7118,SU71E,SU71NW,SU71,1970-1974,1970-1979
Vespula germanica,1974-08-24,1974,SU7118,SU71E,SU71NW,SU71,1970-1974,1970-1979
Vespula vulgaris,1974-08-24,1974,SU7118,SU71E,SU71NW,SU71,1970-1974,1970-1979
Vespula vulgaris,1974-08-24,1974,SU7118,SU71E,SU71NW,SU71,1970-1974,1970-1979
Vespula vulgaris,1972-08-26,1972,SU7118,SU71E,SU71NW,SU71,1970-1974,1970-1979
Vespula germanica,1974-08-24,1974,SU7118,SU71E,SU71NW,SU71,1970-1974,1970-1979
Vespula vulgaris,1974-08-24,1974,SU7118,SU71E,SU71NW,SU71,1970-1974,1970-1979
Vespula vulgaris,1976-07-31,1976,SU7736,SU73T,SU73NE,SU73,1975-1979,1970-1979
Vespula vulgaris,1991-05-13,1991,SU8344,SU84H,SU84SW,SU84,1990-1994,1990-1999
Vespula vulgaris,1994-08-10,1994,SU8344,SU84H,SU84SW,SU84,1990-1994,1990-1999
Vespula vulgaris,1992-08-30,1992,SU8344,SU84H,SU84SW,SU84,1990-1994,1990-1999
Vespula germanica,1914-04-29,1914,SU8760,SU86Q,SU86SE,SU86,1910-1914,1910-1919
Vespula vulgaris,1921-07-19,1921,SU8760,SU86Q,SU86SE,SU86,1920-1924,1920-1929
Vespula germanica,1921-10-15,1921,SU8760,SU86Q,SU86SE,SU86,1920-1924,1920-1929
Vespula vulgaris,1921-07-19,1921,SU8760,SU86Q,SU86SE,SU86,1920-1924,1920-1929
Vespula vulgaris,1914-09-13,1914,SU8760,SU86Q,SU86SE,SU86,1910-1914,1910-1919
Vespula vulgaris,1921-07-19,1921,SU8760,SU86Q,SU86SE,SU86,1920-1924,1920-1929
Vespula vulgaris,1921-07-19,1921,SU8760,SU86Q,SU86SE,SU86,1920-1924,1920-1929
Vespula vulgaris,1914-09-03,1914,SU8760,SU86Q,SU86SE,SU86,1910-1914,1910-1919
Vespula vulgaris,1921-07-19,1921,SU8760,SU86Q,SU86SE,SU86,1920-1924,1920-1929
Vespula vulgaris,1929-04-24,1929,SU8760,SU86Q,SU86SE,SU86,1925-1929,1920-1929
Vespula vulgaris,1914-08-03,1914,SU8760,SU86Q,SU86SE,SU86,1910-1914,1910-1919
Vespula vulgaris,1915-09-24,1915,SU8760,SU86Q,SU86SE,SU86,1915-1919,1910-1919
Vespula vulgaris,1921-07-19,1921,SU8760,SU86Q,SU86SE,SU86,1920-1924,1920-1929
Vespula vulgaris,1921-07-19,1921,SU8760,SU86Q,SU86SE,SU86,1920-1924,1920-1929
Vespula vulgaris,1921-07-19,1921,SU8760,SU86Q,SU86SE,SU86,1920-1924,1920-1929
Vespula vulgaris,1921-07-19,1921,SU8760,SU86Q,SU86SE,SU86,1920-1924,1920-1929
Vespula vulgaris,1921-07-19,1921,SU8760,SU86Q,SU86SE,SU86,1920-1924,1920-1929
Vespa crabro,1979-08-23,1979,SU9917,SU91Y,SU91NE,SU91,1975-1979,1970-1979
Vespula germanica,1913-09-27,1913,SU9949,SU94Z,SU94NE,SU94,1910-1914,1910-1919
Vespa crabro,1932-09-09,1932,SU9779,SU97U,SU97NE,SU97,1930-1934,1930-1939
Vespula germanica,1939-08-10,1939,SU9779,SU97U,SU97NE,SU97,1935-1939,1930-1939
Vespula vulgaris,1931-09-17,1931,SU9779,SU97U,SU97NE,SU97,1930-1934,1930-1939
Vespula vulgaris,1932-06-03,1932,SU9779,SU97U,SU97NE,SU97,1930-1934,1930-1939
Vespula vulgaris,1931-09-17,1931,SU9779,SU97U,SU97NE,SU97,1930-1934,1930-1939
Vespula germanica,1938-11-03,1938,SU9779,SU97U,SU97NE,SU97,1935-1939,1930-1939
Vespula vulgaris,1938-09-03,1938,SU9779,SU97U,SU97NE,SU97,1935-1939,1930-1939
Vespula vulgaris,1931-11-17,1931,SU9779,SU97U,SU97NE,SU97,1930-1934,1930-1939
Vespula vulgaris,1931-09-17,1931,SU9779,SU97U,SU97NE,SU97,1930-1934,1930-1939
Vespula germanica,1933-08-05,1933,SU9779,SU97U,SU97NE,SU97,1930-1934,1930-1939
Vespula vulgaris,1931-11-17,1931,SU9779,SU97U,SU97NE,SU97,1930-1934,1930-1939
Vespula germanica,1934-04-19,1934,SU9779,SU97U,SU97NE,SU97,1930-1934,1930-1939
Vespula vulgaris,1938-11-03,1938,SU9779,SU97U,SU97NE,SU97,1935-1939,1930-1939
Vespula vulgaris,1931-09-17,1931,SU9779,SU97U,SU97NE,SU97,1930-1934,1930-1939
Vespula germanica,1934-04-19,1934,SU9779,SU97U,SU97NE,SU97,1930-1934,1930-1939
Vespula germanica,1933-08-05,1933,SU9779,SU97U,SU97NE,SU97,1930-1934,1930-1939
Vespula vulgaris,1938-09-03,1938,SU9779,SU97U,SU97NE,SU97,1935-1939,1930-1939
Vespula vulgaris,1932-05-15,1932,SU9779,SU97U,SU97NE,SU97,1930-1934,1930-1939
Vespa crabro,1937-08-18,1937,SU9274,SU97H,SU97SW,SU97,1935-1939,1930-1939
Vespa crabro,1931-08-21,1931,SU9779,SU97U,SU97NE,SU97,1930-1934,1930-1939
Vespa crabro,1930-10-14,1930,SU9779,SU97U,SU97NE,SU97,1930-1934,1930-1939
Vespa crabro,1931-08-21,1931,SU9779,SU97U,SU97NE,SU97,1930-1934,1930-1939
Vespula vulgaris,1931-09-17,1931,SU9779,SU97U,SU97NE,SU97,1930-1934,1930-1939
Vespula germanica,1933-04-04,1933,SU9779,SU97U,SU97NE,SU97,1930-1934,1930-1939
Vespula vulgaris,1933-09-04,1933,SU9779,SU97U,SU97NE,SU97,1930-1934,1930-1939
Vespula germanica,1934-04-19,1934,SU9779,SU97U,SU97NE,SU97,1930-1934,1930-1939
Vespula germanica,1938-11-03,1938,SU9779,SU97U,SU97NE,SU97,1935-1939,1930-1939
Vespula germanica,1932-10-21,1932,SU9779,SU97U,SU97NE,SU97,1930-1934,1930-1939
Vespula germanica,1938-11-03,1938,SU9779,SU97U,SU97NE,SU97,1935-1939,1930-1939
Vespula germanica,1938-11-03,1938,SU9779,SU97U,SU97NE,SU97,1935-1939,1930-1939
Vespula germanica,1934-04-19,1934,SU9779,SU97U,SU97NE,SU97,1930-1934,1930-1939
Vespula germanica,1933-09-05,1933,SU9779,SU97U,SU97NE,SU97,1930-1934,1930-1939
Vespula vulgaris,1938-11-03,1938,SU9779,SU97U,SU97NE,SU97,1935-1939,1930-1939
Vespa crabro,1931-10-13,1931,SU9779,SU97U,SU97NE,SU97,1930-1934,1930-1939
Vespula germanica,1934-04-19,1934,SU9779,SU97U,SU97NE,SU97,1930-1934,1930-1939
Vespula vulgaris,1938-11-03,1938,SU9779,SU97U,SU97NE,SU97,1935-1939,1930-1939
Vespa crabro,1931-10-10,1931,SU9779,SU97U,SU97NE,SU97,1930-1934,1930-1939
Vespula vulgaris,1938-09-03,1938,SU9779,SU97U,SU97NE,SU97,1935-1939,1930-1939
Vespa crabro,1941-10-23,1941,SU9779,SU97U,SU97NE,SU97,1940-1944,1940-1949
Vespa crabro,1937-09-02,1937,SU9779,SU97U,SU97NE,SU97,1935-1939,1930-1939
Vespula germanica,1932-06-22,1932,SU9779,SU97U,SU97NE,SU97,1930-1934,1930-1939
Vespa crabro,1931-08-21,1931,SU9779,SU97U,SU97NE,SU97,1930-1934,1930-1939
Vespula vulgaris,1931-09-17,1931,SU9779,SU97U,SU97NE,SU97,1930-1934,1930-1939
Vespula vulgaris,1931-09-17,1931,SU9779,SU97U,SU97NE,SU97,1930-1934,1930-1939
Vespa crabro,1931-10-23,1931,SU9779,SU97U,SU97NE,SU97,1930-1934,1930-1939
Vespula germanica,1922-06-03,1922,SU9779,SU97U,SU97NE,SU97,1920-1924,1920-1929
Vespula vulgaris,1938-11-03,1938,SU9779,SU97U,SU97NE,SU97,1935-1939,1930-1939
Vespa crabro,1931-08-16,1931,SU9779,SU97U,SU97NE,SU97,1930-1934,1930-1939
Vespa crabro,1931-08-16,1931,SU9779,SU97U,SU97NE,SU97,1930-1934,1930-1939
Vespa crabro,1931-08-16,1931,SU9779,SU97U,SU97NE,SU97,1930-1934,1930-1939
Vespula vulgaris,1938-11-03,1938,SU9779,SU97U,SU97NE,SU97,1935-1939,1930-1939
Vespula vulgaris,1931-09-17,1931,SU9779,SU97U,SU97NE,SU97,1930-1934,1930-1939
Vespa crabro,1905-04-13,1905,SU9779,SU97U,SU97NE,SU97,1905-1909,1900-1909
Vespula vulgaris,1938-09-03,1938,SU9779,SU97U,SU97NE,SU97,1935-1939,1930-1939
Vespula germanica,1938-11-03,1938,SU9779,SU97U,SU97NE,SU97,1935-1939,1930-1939
Vespula vulgaris,1938-09-03,1938,SU9779,SU97U,SU97NE,SU97,1935-1939,1930-1939
Vespula vulgaris,1931-09-17,1931,SU9779,SU97U,SU97NE,SU97,1930-1934,1930-1939
Vespula vulgaris,1931-09-17,1931,SU9779,SU97U,SU97NE,SU97,1930-1934,1930-1939
Vespula germanica,1929-07-23,1929,SU9779,SU97U,SU97NE,SU97,1925-1929,1920-1929
Vespula germanica,1934-04-19,1934,SU9779,SU97U,SU97NE,SU97,1930-1934,1930-1939
Vespa crabro,1931-10-10,1931,SU9779,SU97U,SU97NE,SU97,1930-1934,1930-1939
Vespula vulgaris,1931-09-17,1931,SU9779,SU97U,SU97NE,SU97,1930-1934,1930-1939
Vespa crabro,1931-08-16,1931,SU9779,SU97U,SU97NE,SU97,1930-1934,1930-1939
Vespula vulgaris,1932-10-04,1932,SU9779,SU97U,SU97NE,SU97,1930-1934,1930-1939
Vespa crabro,1931-10-10,1931,SU9779,SU97U,SU97NE,SU97,1930-1934,1930-1939
Vespula germanica,1934-04-14,1934,SU9779,SU97U,SU97NE,SU97,1930-1934,1930-1939
Vespula vulgaris,1938-09-03,1938,SU9779,SU97U,SU97NE,SU97,1935-1939,1930-1939
Vespa crabro,1931-08-16,1931,SU9779,SU97U,SU97NE,SU97,1930-1934,1930-1939
Vespula germanica,1938-11-03,1938,SU9779,SU97U,SU97NE,SU97,1935-1939,1930-1939
Vespa crabro,1931-10-10,1931,SU9779,SU97U,SU97NE,SU97,1930-1934,1930-1939
Vespula germanica,1938-11-03,1938,SU9779,SU97U,SU97NE,SU97,1935-1939,1930-1939
Vespula germanica,1934-04-19,1934,SU9779,SU97U,SU97NE,SU97,1930-1934,1930-1939
Vespula vulgaris,1977-11-12,1977,SX5268,SX56J,SX56NW,SX56,1975-1979,1970-1979
Vespula germanica,1967-05-01,1967,SX5268,SX56J,SX56NW,SX56,1965-1969,1960-1969
Vespa crabro,1933-08-01,1933,SX8178,SX87E,SX87NW,SX87,1930-1934,1930-1939
Vespa crabro,1928-08-17,1928,SX8178,SX87E,SX87NW,SX87,1925-1929,1920-1929
Vespa crabro,1928-08-17,1928,SX8178,SX87E,SX87NW,SX87,1925-1929,1920-1929
Vespa crabro,1933-08-01,1933,SX8178,SX87E,SX87NW,SX87,1930-1934,1930-1939
Vespa crabro,1928-08-17,1928,SX8178,SX87E,SX87NW,SX87,1925-1929,1920-1929
Vespa crabro,1928-08-17,1928,SX8178,SX87E,SX87NW,SX87,1925-1929,1920-1929
Vespa crabro,1928-08-17,1928,SX8178,SX87E,SX87NW,SX87,1925-1929,1920-1929
Vespa crabro,1928-08-17,1928,SX8178,SX87E,SX87NW,SX87,1925-1929,1920-1929
Vespa crabro,1928-08-17,1928,SX8178,SX87E,SX87NW,SX87,1925-1929,1920-1929
Vespa crabro,1946-08-21,1946,SY2998,SY29Z,SY29NE,SY29,1945-1949,1940-1949
Vespa crabro,1946-10-06,1946,SY2998,SY29Z,SY29NE,SY29,1945-1949,1940-1949
Vespa crabro,1946-08-21,1946,SY2998,SY29Z,SY29NE,SY29,1945-1949,1940-1949
Vespa crabro,1979-12-03,1979,SY2998,SY29Z,SY29NE,SY29,1975-1979,1970-1979
Vespa crabro,1946-08-21,1946,SY2998,SY29Z,SY29NE,SY29,1945-1949,1940-1949
Vespa crabro,1946-08-21,1946,SY2998,SY29Z,SY29NE,SY29,1945-1949,1940-1949
Vespula vulgaris,1977-03-14,1977,SZ0790,SZ09Q,SZ09SE,SZ09,1975-1979,1970-1979
Vespula vulgaris,1981-09-05,1981,SZ3589,SZ38P,SZ38NE,SZ38,1980-1984,1980-1989
Vespula germanica,1976-08-21,1976,SZ5577,SZ57N,SZ57NE,SZ57,1975-1979,1970-1979
Vespula germanica,1971-05-15,1971,SZ5476,SZ57N,SZ57NW,SZ57,1970-1974,1970-1979
Vespula germanica,1970-06-20,1970,SZ5476,SZ57N,SZ57NW,SZ57,1970-1974,1970-1979
Vespula vulgaris,1977-07-28,1977,SZ5577,SZ57N,SZ57NE,SZ57,1975-1979,1970-1979
Vespula vulgaris,1980-04-19,1980,SZ5476,SZ57N,SZ57NW,SZ57,1980-1984,1980-1989
Vespa crabro,1982-09-15,1982,TF6619,TF61U,TF61NE,TF61,1980-1984,1980-1989
Vespa crabro,1992-09-15,1992,TF6619,TF61U,TF61NE,TF61,1990-1994,1990-1999
Vespa crabro,1982-09-15,1982,TF6619,TF61U,TF61NE,TF61,1980-1984,1980-1989
Vespa crabro,1982-09-15,1982,TF6619,TF61U,TF61NE,TF61,1980-1984,1980-1989
Vespula germanica,1934-08-12,1934,TG2242,TG24G,TG24SW,TG24,1930-1934,1930-1939
Vespa crabro,1923-05-07,1923,TG2242,TG24G,TG24SW,TG24,1920-1924,1920-1929
Vespula vulgaris,1966-07-30,1966,TL1407,TL10N,TL10NW,TL10,1965-1969,1960-1969
Vespula vulgaris,1966-07-30,1966,TL1407,TL10N,TL10NW,TL10,1965-1969,1960-1969
Vespula vulgaris,1966-07-30,1966,TL1407,TL10N,TL10NW,TL10,1965-1969,1960-1969
Vespula vulgaris,1966-07-30,1966,TL1407,TL10N,TL10NW,TL10,1965-1969,1960-1969
Vespula vulgaris,1966-07-30,1966,TL1407,TL10N,TL10NW,TL10,1965-1969,1960-1969
Vespula vulgaris,1966-07-30,1966,TL1407,TL10N,TL10NW,TL10,1965-1969,1960-1969
Vespula vulgaris,1966-07-30,1966,TL1407,TL10N,TL10NW,TL10,1965-1969,1960-1969
Vespa crabro,1947-10-01,1947,TL1407,TL10N,TL10NW,TL10,1945-1949,1940-1949
Vespa crabro,1944-09-25,1944,TL1407,TL10N,TL10NW,TL10,1940-1944,1940-1949
Vespula vulgaris,1966-07-30,1966,TL1407,TL10N,TL10NW,TL10,1965-1969,1960-1969
Vespa crabro,1902-05-26,1902,TL2371,TL27F,TL27SW,TL27,1900-1904,1900-1909
Vespa crabro,1902-05-26,1902,TL2371,TL27F,TL27SW,TL27,1900-1904,1900-1909
Vespa crabro,1944-11-25,1944,TL4558,TL45P,TL45NE,TL45,1940-1944,1940-1949
Vespula germanica,1976-05-01,1976,TL4558,TL45P,TL45NE,TL45,1975-1979,1970-1979
Vespa crabro,1905-04-08,1905,TL4558,TL45P,TL45NE,TL45,1905-1909,1900-1909
Vespa crabro,1954-06-06,1954,TL6469,TL66P,TL66NW,TL66,1950-1954,1950-1959
Vespula germanica,1918-10-19,1918,TL9925,TL92X,TL92NE,TL92,1915-1919,1910-1919
Vespula germanica,1918-10-19,1918,TL9925,TL92X,TL92NE,TL92,1915-1919,1910-1919
Vespa crabro,1918-12-19,1918,TL9925,TL92X,TL92NE,TL92,1915-1919,1910-1919
Vespula germanica,1933-08-08,1933,TQ0756,TQ05T,TQ05NE,TQ05,1930-1934,1930-1939
Vespula germanica,1934-08-30,1934,TQ0756,TQ05T,TQ05NE,TQ05,1930-1934,1930-1939
Vespa crabro,1950-10-01,1950,TQ0661,TQ06Q,TQ06SE,TQ06,1950-1954,1950-1959
Vespa crabro,1950-10-01,1950,TQ0661,TQ06Q,TQ06SE,TQ06,1950-1954,1950-1959
Vespa crabro,1950-10-01,1950,TQ0661,TQ06Q,TQ06SE,TQ06,1950-1954,1950-1959
Vespa crabro,1950-10-01,1950,TQ0661,TQ06Q,TQ06SE,TQ06,1950-1954,1950-1959
Vespa crabro,1950-10-01,1950,TQ0661,TQ06Q,TQ06SE,TQ06,1950-1954,1950-1959
Vespa crabro,1950-10-01,1950,TQ0661,TQ06Q,TQ06SE,TQ06,1950-1954,1950-1959
Vespa crabro,1950-10-01,1950,TQ0661,TQ06Q,TQ06SE,TQ06,1950-1954,1950-1959
Vespa crabro,1950-10-01,1950,TQ0661,TQ06Q,TQ06SE,TQ06,1950-1954,1950-1959
Vespa crabro,1950-10-01,1950,TQ0661,TQ06Q,TQ06SE,TQ06,1950-1954,1950-1959
Vespula vulgaris,1927-10-08,1927,TQ0661,TQ06Q,TQ06SE,TQ06,1925-1929,1920-1929
Vespula vulgaris,1927-09-20,1927,TQ0661,TQ06Q,TQ06SE,TQ06,1925-1929,1920-1929
Vespa crabro,1950-10-01,1950,TQ0661,TQ06Q,TQ06SE,TQ06,1950-1954,1950-1959
Vespula vulgaris,1927-10-19,1927,TQ0661,TQ06Q,TQ06SE,TQ06,1925-1929,1920-1929
Vespa crabro,1950-10-01,1950,TQ0661,TQ06Q,TQ06SE,TQ06,1950-1954,1950-1959
Vespa crabro,1950-10-01,1950,TQ0661,TQ06Q,TQ06SE,TQ06,1950-1954,1950-1959
Vespa crabro,1950-10-01,1950,TQ0661,TQ06Q,TQ06SE,TQ06,1950-1954,1950-1959
Vespula vulgaris,1927-10-17,1927,TQ0661,TQ06Q,TQ06SE,TQ06,1925-1929,1920-1929
Vespa crabro,1950-10-01,1950,TQ0661,TQ06Q,TQ06SE,TQ06,1950-1954,1950-1959
Vespa crabro,1950-10-01,1950,TQ0661,TQ06Q,TQ06SE,TQ06,1950-1954,1950-1959
Vespa crabro,1950-10-01,1950,TQ0661,TQ06Q,TQ06SE,TQ06,1950-1954,1950-1959
Vespa crabro,1951-04-01,1951,TQ0661,TQ06Q,TQ06SE,TQ06,1950-1954,1950-1959
Vespa crabro,1950-10-01,1950,TQ0661,TQ06Q,TQ06SE,TQ06,1950-1954,1950-1959
Vespula vulgaris,1924-05-17,1924,TQ0661,TQ06Q,TQ06SE,TQ06,1920-1924,1920-1929
Vespa crabro,1950-10-01,1950,TQ0661,TQ06Q,TQ06SE,TQ06,1950-1954,1950-1959
Vespa crabro,1950-10-01,1950,TQ0661,TQ06Q,TQ06SE,TQ06,1950-1954,1950-1959
Vespa crabro,1948-08-12,1948,TQ0661,TQ06Q,TQ06SE,TQ06,1945-1949,1940-1949
Vespa crabro,1950-10-01,1950,TQ0661,TQ06Q,TQ06SE,TQ06,1950-1954,1950-1959
Vespa crabro,1950-10-01,1950,TQ0661,TQ06Q,TQ06SE,TQ06,1950-1954,1950-1959
Vespa crabro,1950-10-01,1950,TQ0661,TQ06Q,TQ06SE,TQ06,1950-1954,1950-1959
Vespa crabro,1950-10-01,1950,TQ0661,TQ06Q,TQ06SE,TQ06,1950-1954,1950-1959
Vespa crabro,1950-10-01,1950,TQ0661,TQ06Q,TQ06SE,TQ06,1950-1954,1950-1959
Vespula vulgaris,1924-05-21,1924,TQ0661,TQ06Q,TQ06SE,TQ06,1920-1924,1920-1929
Vespa crabro,1950-10-01,1950,TQ0661,TQ06Q,TQ06SE,TQ06,1950-1954,1950-1959
Vespa crabro,1950-10-01,1950,TQ0661,TQ06Q,TQ06SE,TQ06,1950-1954,1950-1959
Vespa crabro,1950-10-01,1950,TQ0661,TQ06Q,TQ06SE,TQ06,1950-1954,1950-1959
Vespa crabro,1950-10-01,1950,TQ0661,TQ06Q,TQ06SE,TQ06,1950-1954,1950-1959
Vespa crabro,1950-10-01,1950,TQ0661,TQ06Q,TQ06SE,TQ06,1950-1954,1950-1959
Vespa crabro,1916-08-01,1916,TQ0371,TQ07F,TQ07SW,TQ07,1915-1919,1910-1919
Vespa crabro,1933-09-01,1933,TQ0371,TQ07F,TQ07SW,TQ07,1930-1934,1930-1939
Vespa crabro,2004-05-28,2004,TQ0491,TQ09K,TQ09SW,TQ09,2000-2004,2000-2009
Vespa crabro,2011-05-06,2011,TQ0491,TQ09K,TQ09SW,TQ09,2010-2014,2010-2019
Vespa crabro,2004-07-31,2004,TQ0491,TQ09K,TQ09SW,TQ09,2000-2004,2000-2009
Vespa crabro,2011-04-30,2011,TQ0491,TQ09K,TQ09SW,TQ09,2010-2014,2010-2019
Vespa crabro,2004-08-13,2004,TQ0491,TQ09K,TQ09SW,TQ09,2000-2004,2000-2009
Vespa crabro,2008-08-11,2008,TQ0491,TQ09K,TQ09SW,TQ09,2005-2009,2000-2009
Vespa crabro,2004-08-05,2004,TQ0491,TQ09K,TQ09SW,TQ09,2000-2004,2000-2009
Vespula germanica,1993-09-26,1993,TQ0491,TQ09K,TQ09SW,TQ09,1990-1994,1990-1999
Vespa crabro,2005-06-29,2005,TQ0491,TQ09K,TQ09SW,TQ09,2005-2009,2000-2009
Vespa crabro,2005-06-08,2005,TQ0491,TQ09K,TQ09SW,TQ09,2005-2009,2000-2009
Vespa crabro,2008-08-11,2008,TQ0491,TQ09K,TQ09SW,TQ09,2005-2009,2000-2009
Vespula germanica,1922-05-01,1922,TQ1744,TQ14S,TQ14SE,TQ14,1920-1924,1920-1929
Vespula germanica,1922-06-01,1922,TQ1744,TQ14S,TQ14SE,TQ14,1920-1924,1920-1929
Vespula germanica,1906-09-01,1906,TQ1744,TQ14S,TQ14SE,TQ14,1905-1909,1900-1909
Vespula germanica,1922-05-01,1922,TQ1744,TQ14S,TQ14SE,TQ14,1920-1924,1920-1929
Vespula germanica,1922-05-01,1922,TQ1744,TQ14S,TQ14SE,TQ14,1920-1924,1920-1929
Vespula germanica,1921-10-02,1921,TQ1354,TQ15H,TQ15SW,TQ15,1920-1924,1920-1929
Vespula germanica,1921-10-02,1921,TQ1354,TQ15H,TQ15SW,TQ15,1920-1924,1920-1929
Vespula germanica,1921-06-26,1921,TQ1262,TQ16G,TQ16SW,TQ16,1920-1924,1920-1929
Vespa crabro,1901-09-28,1901,TQ1860,TQ16V,TQ16SE,TQ16,1900-1904,1900-1909
Vespula germanica,1921-06-26,1921,TQ1262,TQ16G,TQ16SW,TQ16,1920-1924,1920-1929
Vespa crabro,1901-09-28,1901,TQ1860,TQ16V,TQ16SE,TQ16,1900-1904,1900-1909
Vespula germanica,1921-06-26,1921,TQ1262,TQ16G,TQ16SW,TQ16,1920-1924,1920-1929
Vespa crabro,1901-09-28,1901,TQ1860,TQ16V,TQ16SE,TQ16,1900-1904,1900-1909
Vespula vulgaris,1979-03-02,1979,TQ1362,TQ16G,TQ16SW,TQ16,1975-1979,1970-1979
Vespa crabro,1990-08-22,1990,TQ1972,TQ17W,TQ17SE,TQ17,1990-1994,1990-1999
Vespa crabro,1993-07-03,1993,TQ1972,TQ17W,TQ17SE,TQ17,1990-1994,1990-1999
Vespa crabro,1933-10-01,1933,TQ2567,TQ26N,TQ26NE,TQ26,1930-1934,1930-1939
Vespula germanica,1961-08-01,1961,TQ2567,TQ26N,TQ26NE,TQ26,1960-1964,1960-1969
Vespula germanica,1961-08-01,1961,TQ2567,TQ26N,TQ26NE,TQ26,1960-1964,1960-1969
Vespula germanica,1967-06-04,1967,TQ2763,TQ26R,TQ26SE,TQ26,1965-1969,1960-1969
Vespula germanica,1961-08-01,1961,TQ2567,TQ26N,TQ26NE,TQ26,1960-1964,1960-1969
Vespula germanica,1972-05-01,1972,TQ2679,TQ27U,TQ27NE,TQ27,1970-1974,1970-1979
Vespa crabro,1946-03-17,1946,TQ2273,TQ27G,TQ27SW,TQ27,1945-1949,1940-1949
Vespa crabro,1981-12-02,1981,TQ2171,TQ27A,TQ27SW,TQ27,1980-1984,1980-1989
Vespula vulgaris,1970-08-13,1970,TQ2679,TQ27U,TQ27NE,TQ27,1970-1974,1970-1979
Vespula vulgaris,1966-10-04,1966,TQ2678,TQ27U,TQ27NE,TQ27,1965-1969,1960-1969
Vespula germanica,1998-06-16,1998,TQ2679,TQ27U,TQ27NE,TQ27,1995-1999,1990-1999
Vespula germanica,1933-04-15,1933,TQ2370,TQ27F,TQ27SW,TQ27,1930-1934,1930-1939
Vespa crabro,2015-08-22,2015,TQ2171,TQ27A,TQ27SW,TQ27,2015-2019,2010-2019
Vespula germanica,1998-06-16,1998,TQ2679,TQ27U,TQ27NE,TQ27,1995-1999,1990-1999
Vespula germanica,2015-07-18,2015,TQ2273,TQ27G,TQ27SW,TQ27,2015-2019,2010-2019
Vespula germanica,1933-04-14,1933,TQ2370,TQ27F,TQ27SW,TQ27,1930-1934,1930-1939
Vespula germanica,1918-05-19,1918,TQ2678,TQ27U,TQ27NE,TQ27,1915-1919,1910-1919
Vespula germanica,1921-05-04,1921,TQ2370,TQ27F,TQ27SW,TQ27,1920-1924,1920-1929
Vespula vulgaris,1968-11-28,1968,TQ2679,TQ27U,TQ27NE,TQ27,1965-1969,1960-1969
Vespula germanica,1918-08-22,1918,TQ2370,TQ27F,TQ27SW,TQ27,1915-1919,1910-1919
Vespula germanica,1918-08-21,1918,TQ2370,TQ27F,TQ27SW,TQ27,1915-1919,1910-1919
Vespula vulgaris,1963-03-11,1963,TQ2679,TQ27U,TQ27NE,TQ27,1960-1964,1960-1969
Vespula vulgaris,1962-09-11,1962,TQ2879,TQ27Z,TQ27NE,TQ27,1960-1964,1960-1969
Vespula vulgaris,1966-09-26,1966,TQ2678,TQ27U,TQ27NE,TQ27,1965-1969,1960-1969
Vespula vulgaris,1919-10-16,1919,TQ2678,TQ27U,TQ27NE,TQ27,1915-1919,1910-1919
Vespa crabro,1937-04-27,1937,TQ2273,TQ27G,TQ27SW,TQ27,1935-1939,1930-1939
Vespula germanica,2008-07-11,2008,TQ2679,TQ27U,TQ27NE,TQ27,2005-2009,2000-2009
Vespula germanica,1998-06-16,1998,TQ2679,TQ27U,TQ27NE,TQ27,1995-1999,1990-1999
Vespula germanica,1918-06-02,1918,TQ2685,TQ28S,TQ28NE,TQ28,1915-1919,1910-1919
Vespula germanica,1926-06-01,1926,TQ2685,TQ28S,TQ28NE,TQ28,1925-1929,1920-1929
Vespula vulgaris,1936-08-03,1936,TQ2392,TQ29G,TQ29SW,TQ29,1935-1939,1930-1939
Vespula germanica,1935-08-28,1935,TQ2392,TQ29G,TQ29SW,TQ29,1935-1939,1930-1939
Vespula vulgaris,1909-04-20,1909,TQ2392,TQ29G,TQ29SW,TQ29,1905-1909,1900-1909
Vespula vulgaris,1936-04-24,1936,TQ2392,TQ29G,TQ29SW,TQ29,1935-1939,1930-1939
Vespula vulgaris,1949-08-01,1949,TQ3355,TQ35H,TQ35NW,TQ35,1945-1949,1940-1949
Vespula germanica,1937-10-01,1937,TQ3952,TQ35W,TQ35SE,TQ35,1935-1939,1930-1939
Vespula germanica,1937-11-07,1937,TQ3952,TQ35W,TQ35SE,TQ35,1935-1939,1930-1939
Vespula germanica,1937-10-01,1937,TQ3952,TQ35W,TQ35SE,TQ35,1935-1939,1930-1939
Vespula germanica,1937-10-01,1937,TQ3952,TQ35W,TQ35SE,TQ35,1935-1939,1930-1939
Vespa crabro,1985-10-19,1985,TQ3271,TQ37F,TQ37SW,TQ37,1985-1989,1980-1989
Vespula vulgaris,1949-08-30,1949,TQ4566,TQ46N,TQ46NE,TQ46,1945-1949,1940-1949
Vespula vulgaris,1947-10-20,1947,TQ4566,TQ46N,TQ46NE,TQ46,1945-1949,1940-1949
Vespula vulgaris,1949-08-30,1949,TQ4566,TQ46N,TQ46NE,TQ46,1945-1949,1940-1949
Vespula germanica,1935-06-03,1935,TQ4566,TQ46N,TQ46NE,TQ46,1935-1939,1930-1939
Vespula vulgaris,1959-08-07,1959,TQ4566,TQ46N,TQ46NE,TQ46,1955-1959,1950-1959
Vespula vulgaris,1959-08-07,1959,TQ4566,TQ46N,TQ46NE,TQ46,1955-1959,1950-1959
Vespula vulgaris,2002-04-10,2002,TQ4464,TQ46M,TQ46SW,TQ46,2000-2004,2000-2009
Vespula vulgaris,1959-08-07,1959,TQ4566,TQ46N,TQ46NE,TQ46,1955-1959,1950-1959
Vespa crabro,1946-09-24,1946,TQ4566,TQ46N,TQ46NE,TQ46,1945-1949,1940-1949
Vespula germanica,1960-07-01,1960,TQ4464,TQ46M,TQ46SW,TQ46,1960-1964,1960-1969
Vespula vulgaris,1949-08-30,1949,TQ4566,TQ46N,TQ46NE,TQ46,1945-1949,1940-1949
Vespula vulgaris,1959-08-07,1959,TQ4566,TQ46N,TQ46NE,TQ46,1955-1959,1950-1959
Vespula vulgaris,2002-04-10,2002,TQ4464,TQ46M,TQ46SW,TQ46,2000-2004,2000-2009
Vespula germanica,1935-08-01,1935,TQ4566,TQ46N,TQ46NE,TQ46,1935-1939,1930-1939
Vespula vulgaris,1949-08-30,1949,TQ4566,TQ46N,TQ46NE,TQ46,1945-1949,1940-1949
Vespula germanica,1997-04-01,1997,TQ4464,TQ46M,TQ46SW,TQ46,1995-1999,1990-1999
Vespula germanica,1947-10-05,1947,TQ4566,TQ46N,TQ46NE,TQ46,1945-1949,1940-1949
Vespula vulgaris,1959-08-07,1959,TQ4566,TQ46N,TQ46NE,TQ46,1955-1959,1950-1959
Vespula vulgaris,1959-08-07,1959,TQ4566,TQ46N,TQ46NE,TQ46,1955-1959,1950-1959
Vespula germanica,1949-10-01,1949,TQ5174,TQ57C,TQ57SW,TQ57,1945-1949,1940-1949
Vespula germanica,1949-04-01,1949,TQ5174,TQ57C,TQ57SW,TQ57,1945-1949,1940-1949
Vespula germanica,1949-04-01,1949,TQ5174,TQ57C,TQ57SW,TQ57,1945-1949,1940-1949
Vespula germanica,1936-10-18,1936,TQ5993,TQ59W,TQ59SE,TQ59,1935-1939,1930-1939
Vespula vulgaris,1934-05-27,1934,TQ5993,TQ59W,TQ59SE,TQ59,1930-1934,1930-1939
Vespa crabro,1945-09-09,1945,TQ5993,TQ59W,TQ59SE,TQ59,1945-1949,1940-1949
Vespula vulgaris,1946-05-18,1946,TQ5993,TQ59W,TQ59SE,TQ59,1945-1949,1940-1949
Vespula germanica,1924-10-13,1924,TQ5993,TQ59W,TQ59SE,TQ59,1920-1924,1920-1929
Vespula germanica,1936-09-29,1936,TQ5993,TQ59W,TQ59SE,TQ59,1935-1939,1930-1939
Vespula vulgaris,1936-09-30,1936,TQ5993,TQ59W,TQ59SE,TQ59,1935-1939,1930-1939
Vespula vulgaris,1934-05-04,1934,TQ5993,TQ59W,TQ59SE,TQ59,1930-1934,1930-1939
Vespula vulgaris,1936-11-06,1936,TQ5993,TQ59W,TQ59SE,TQ59,1935-1939,1930-1939
Vespula vulgaris,1937-10-01,1937,TQ5993,TQ59W,TQ59SE,TQ59,1935-1939,1930-1939
Vespula vulgaris,1991-11-06,1991,TQ7655,TQ75S,TQ75NE,TQ75,1990-1994,1990-1999
Vespula vulgaris,1991-11-06,1991,TQ7655,TQ75S,TQ75NE,TQ75,1990-1994,1990-1999
Vespula vulgaris,1991-11-06,1991,TQ7655,TQ75S,TQ75NE,TQ75,1990-1994,1990-1999
Vespula vulgaris,1991-11-06,1991,TQ7655,TQ75S,TQ75NE,TQ75,1990-1994,1990-1999
Vespula vulgaris,1991-11-06,1991,TQ7655,TQ75S,TQ75NE,TQ75,1990-1994,1990-1999
Vespula vulgaris,1913-10-06,1913,TQ7955,TQ75X,TQ75NE,TQ75,1910-1914,1910-1919
Vespula germanica,2002-10-16,2002,TQ7359,TQ75J,TQ75NW,TQ75,2000-2004,2000-2009
Vespula germanica,1979-09-23,1979,TQ7359,TQ75J,TQ75NW,TQ75,1975-1979,1970-1979
Vespula germanica,1979-09-02,1979,TQ7359,TQ75J,TQ75NW,TQ75,1975-1979,1970-1979
Vespula germanica,2003-03-10,2003,TQ7359,TQ75J,TQ75NW,TQ75,2000-2004,2000-2009
Vespula germanica,1913-04-28,1913,TQ7955,TQ75X,TQ75NE,TQ75,1910-1914,1910-1919
Vespa crabro,2006-10-14,2006,TQ7359,TQ75J,TQ75NW,TQ75,2005-2009,2000-2009
Vespula germanica,1979-09-02,1979,TQ7359,TQ75J,TQ75NW,TQ75,1975-1979,1970-1979
Vespula vulgaris,1913-06-14,1913,TQ7955,TQ75X,TQ75NE,TQ75,1910-1914,1910-1919
Vespula vulgaris,1913-05-20,1913,TQ7955,TQ75X,TQ75NE,TQ75,1910-1914,1910-1919
Vespula vulgaris,1991-11-06,1991,TQ7655,TQ75S,TQ75NE,TQ75,1990-1994,1990-1999
Vespa crabro,2006-07-22,2006,TQ7359,TQ75J,TQ75NW,TQ75,2005-2009,2000-2009
Vespa crabro,2006-10-14,2006,TQ7359,TQ75J,TQ75NW,TQ75,2005-2009,2000-2009
Vespula vulgaris,1973-01-28,1973,TQ7754,TQ75S,TQ75SE,TQ75,1970-1974,1970-1979
Vespula germanica,2002-10-16,2002,TQ7359,TQ75J,TQ75NW,TQ75,2000-2004,2000-2009
Vespula vulgaris,1991-11-06,1991,TQ7655,TQ75S,TQ75NE,TQ75,1990-1994,1990-1999
Vespa crabro,2006-10-14,2006,TQ7359,TQ75J,TQ75NW,TQ75,2005-2009,2000-2009
Vespula germanica,1979-09-23,1979,TQ7359,TQ75J,TQ75NW,TQ75,1975-1979,1970-1979
Vespa crabro,2011-08-17,2011,TQ9834,TQ93X,TQ93SE,TQ93,2010-2014,2010-2019
Vespula germanica,1911-09-20,1911,TR2865,TR26X,TR26NE,TR26,1910-1914,1910-1919